product_name,product_type,brand,brand_tier,price,price_segment,num_ingredients,num_skin_types,num_effects,complexity_score,has_key_active,skin_dry,skin_sensitive,skin_acne_prone,skin_oily,skin_combination,skin_normal,effect_hydrating,effect_barrier_repair,effect_soothing,effect_sun_protection,effect_acne_control,effect_brightening,effect_exfoliating,effect_anti-aging,effect_anti_aging,effect_general_skincare,product_cluster
The Ordinary Natural Moisturising Factors + HA 30ml,Moisturiser,The Ordinary,Budget,5.2,Budget,45,2,3,0.45081861958266456,0,1,1,0,0,0,0,1,1,1,0,0,0,0,0,0,0,0
CeraVe Facial Moisturising Lotion SPF 25 52ml,Moisturiser,CeraVe,Budget,13.0,Affordable,31,5,5,0.6536115569823435,1,1,1,1,1,1,0,1,1,0,1,1,1,0,0,0,0,1
The Ordinary Hyaluronic Acid 2% + B5 Hydration Support Formula 30ml,Moisturiser,The Ordinary,Budget,6.2,Budget,18,2,1,0.24375601926163723,0,1,1,0,0,0,0,1,0,0,0,0,0,0,0,0,0,0
AMELIORATE Transforming Body Lotion 200ml,Moisturiser,AMELIORATE,Mid-range,22.5,Affordable,37,2,4,0.45772070626003203,0,1,1,0,0,0,0,1,1,1,0,0,0,1,0,0,0,0
CeraVe Moisturising Cream 454g,Moisturiser,CeraVe,Budget,16.0,Affordable,23,2,2,0.3090850722311396,0,1,1,0,0,0,0,1,1,0,0,0,0,0,0,0,0,0
CeraVe Moisturising Lotion 473ml,Moisturiser,CeraVe,Budget,15.0,Affordable,24,2,2,0.31357945425361156,0,1,1,0,0,0,0,1,1,0,0,0,0,0,0,0,0,0
CeraVe Facial Moisturising Lotion No SPF 52ml,Moisturiser,CeraVe,Budget,13.0,Affordable,21,5,3,0.5229534510433387,1,1,1,1,1,1,0,1,1,0,0,0,1,0,0,0,0,1
The Ordinary Natural Moisturizing Factors + HA 100ml,Moisturiser,The Ordinary,Budget,6.8,Budget,45,2,3,0.45081861958266456,0,1,1,0,0,0,0,1,1,1,0,0,0,0,0,0,0,0
CeraVe Smoothing Cream 177ml,Moisturiser,CeraVe,Budget,12.0,Affordable,26,5,5,0.6311396468699839,1,1,1,1,1,1,0,1,1,0,0,1,1,1,0,0,0,1
Clinique Moisture Surge 72 Hour Moisturiser 75ml,Moisturiser,Clinique,Mid-range,37.0,Mid-range,35,1,2,0.3030176565008026,1,1,0,0,0,0,0,1,0,0,0,0,0,0,1,1,0,2
CeraVe Moisturising Cream 50ml,Moisturiser,CeraVe,Budget,4.0,Budget,23,2,2,0.3090850722311396,0,1,1,0,0,0,0,1,1,0,0,0,0,0,0,0,0,0
CeraVe Moisturising Cream 340g,Moisturiser,CeraVe,Budget,13.0,Affordable,23,2,2,0.3090850722311396,0,1,1,0,0,0,0,1,1,0,0,0,0,0,0,0,0,0
First Aid Beauty Ultra Repair Cream (56.7g),Moisturiser,First Aid Beauty,Mid-range,12.0,Affordable,23,2,3,0.3519422150882825,0,1,1,0,0,0,0,1,1,1,0,0,0,0,0,0,0,0
Avène Antirougeurs Jour Redness Relief Moisturizing Protecting Cream (40ml),Moisturiser,Avène,Budget,16.0,Affordable,30,1,2,0.280545746388443,0,1,0,0,0,0,0,1,0,0,1,0,0,0,0,0,0,0
Clinique Dramatically Different Moisturising Lotion+ 125ml with Pump,Moisturiser,Clinique,Mid-range,30.0,Mid-range,21,1,1,0.19723916532905297,0,1,0,0,0,0,0,1,0,0,0,0,0,0,0,0,0,0
First Aid Beauty Ultra Repair Cream (170g),Moisturiser,First Aid Beauty,Mid-range,25.0,Affordable,23,2,3,0.3519422150882825,0,1,1,0,0,0,0,1,1,1,0,0,0,0,0,0,0,0
Weleda Skin Food (75ml),Moisturiser,Weleda,Budget,12.95,Affordable,21,3,1,0.317239165329053,0,1,0,0,1,1,0,1,0,0,0,0,0,0,0,0,0,0
Neutrogena Hydro Boost City Shield SPF Moisturiser,Moisturiser,Neutrogena,Budget,12.99,Affordable,25,2,3,0.3609309791332263,0,1,0,1,0,0,0,1,0,0,1,1,0,0,0,0,0,0
Egyptian Magic All Purpose Skin Cream 118ml/4oz,Moisturiser,Egyptian Magic,Mid-range,30.0,Mid-range,6,1,1,0.1298234349919743,0,1,0,0,0,0,0,0,0,0,0,0,0,0,0,0,1,4
JASON Aloe Vera 98% Moisturising Gel Tube 113g,Moisturiser,JASON,Budget,2.99,Budget,13,2,2,0.2641412520064205,0,1,1,0,0,0,0,1,0,1,0,0,0,0,0,0,0,0
CeraVe Moisturising Cream 177ml,Moisturiser,CeraVe,Budget,9.0,Budget,23,2,2,0.3090850722311396,0,1,1,0,0,0,0,1,1,0,0,0,0,0,0,0,0,0
Embryolisse Lait-Crème Concentré (75ml),Moisturiser,Embryolisse,Budget,20.0,Affordable,17,1,2,0.22211878009630814,0,0,0,0,0,0,1,1,1,0,0,0,0,0,0,0,0,3
La Roche-Posay Effaclar H Moisturiser 40ml,Moisturiser,La Roche-Posay,Mid-range,9.99,Budget,27,1,3,0.30991974317817017,0,1,0,0,0,0,0,1,1,1,0,0,0,0,0,0,0,0
Bulldog Original Moisturiser 100ml,Moisturiser,Bulldog,Budget,4.5,Budget,34,1,1,0.2556661316211878,0,1,0,0,0,0,0,1,0,0,0,0,0,0,0,0,0,0
Clinique Dramatically Different Moisturising Gel 125ml with Pump,Moisturiser,Clinique,Mid-range,30.0,Mid-range,32,1,1,0.24667736757624398,0,1,0,0,0,0,0,1,0,0,0,0,0,0,0,0,0,0
La Roche-Posay Effaclar Duo+ SPF30 40ml,Moisturiser,La Roche-Posay,Mid-range,17.5,Affordable,13,4,4,0.4698555377207062,1,1,0,1,1,1,0,1,0,0,1,1,1,0,0,0,0,1
Avene Very High Protection B-Protect SPF 50+ 30ml,Moisturiser,Avene,Budget,14.0,Affordable,39,1,4,0.40670947030497595,0,0,0,1,0,0,0,0,1,1,1,1,0,0,0,0,0,0
Avène Tolérance Extrême Emulsion 50ml,Moisturiser,Avène,Budget,11.25,Affordable,5,1,1,0.1253290529695024,0,1,0,0,0,0,0,1,0,0,0,0,0,0,0,0,0,0
Estée Lauder DayWear Advanced Multi-Protection Anti-Oxidant Creme SPF15 N/C 50ml,Moisturiser,Estée Lauder,Premium,40.5,Mid-range,75,2,3,0.5856500802568219,0,1,0,1,0,0,0,1,1,0,0,1,0,0,0,0,0,0
Embryolisse Lait-Crème Concentré (30ml),Moisturiser,Embryolisse,Budget,13.0,Affordable,17,1,2,0.22211878009630814,0,0,0,0,0,0,1,1,1,0,0,0,0,0,0,0,0,3
The Chemistry Brand Intense Youth Complex Hand Cream 100ml,Moisturiser,The Chemistry Brand,Mid-range,18.99,Affordable,39,1,2,0.3209951845906902,0,1,0,0,0,0,0,1,1,0,0,0,0,0,0,0,0,0
Avène Tolérance Extrême Cream 50ml,Moisturiser,Avène,Budget,15.0,Affordable,6,1,1,0.1298234349919743,0,1,0,0,0,0,0,1,0,0,0,0,0,0,0,0,0,0
La Roche-Posay Toleriane Ultra Overnight Moisturiser 40ml,Moisturiser,La Roche-Posay,Mid-range,19.0,Affordable,23,5,5,0.6176565008025682,1,1,1,1,1,1,0,1,1,1,0,0,1,0,1,1,0,1
First Aid Beauty Hello FAB Coconut Water Cream,Moisturiser,First Aid Beauty,Mid-range,30.0,Mid-range,28,1,1,0.22869983948635633,0,0,0,0,0,0,1,0,1,0,0,0,0,0,0,0,0,3
Elemis Pro-Collagen Marine Cream SPF30 50ml,Moisturiser,Elemis,Premium,87.0,Premium,47,2,5,0.545521669341894,0,1,0,1,0,0,0,1,1,1,1,1,0,0,0,0,0,1
Avène Aqua Gel 50ml,Moisturiser,Avène,Budget,20.0,Affordable,26,1,2,0.26256821829855537,0,1,0,0,0,0,0,1,1,0,0,0,0,0,0,0,0,0
La Roche-Posay Effaclar K(+) Anti-Blackhead Moisturiser 40ml,Moisturiser,La Roche-Posay,Mid-range,17.0,Affordable,23,4,3,0.4719422150882825,1,1,0,1,1,1,0,0,1,0,0,1,0,1,0,0,0,1
The INKEY List Snow Mushroom,Moisturiser,The INKEY List,Budget,9.99,Budget,13,1,1,0.16128410914927768,0,1,0,0,0,0,0,1,0,0,0,0,0,0,0,0,0,0
Weleda Skin Food (30ml),Moisturiser,Weleda,Budget,7.95,Budget,21,3,1,0.317239165329053,0,1,0,0,1,1,0,1,0,0,0,0,0,0,0,0,0,0
Egyptian Magic All Purpose Skin Cream 59ml/2oz,Moisturiser,Egyptian Magic,Mid-range,20.0,Affordable,6,1,1,0.1298234349919743,0,1,0,0,0,0,0,0,0,0,0,0,0,0,0,0,1,4
La Roche-Posay Nutritic Intense Rich 50ml,Moisturiser,La Roche-Posay,Mid-range,18.0,Affordable,21,4,3,0.4629534510433387,1,1,0,1,1,1,0,1,1,0,0,0,1,0,0,0,0,1
Origins GinZing™ Energy-Boosting Tinted Moisturiser SPF40 50ml,Moisturiser,Origins,Mid-range,32.0,Mid-range,69,3,4,0.6615409309791332,0,1,0,0,1,1,0,1,1,1,1,0,0,0,0,0,0,1
Estée Lauder DayWear Multi-Protection Anti-Oxidant Creme SPF 15 30ml,Moisturiser,Estée Lauder,Premium,25.2,Mid-range,75,2,3,0.5856500802568219,0,1,0,1,0,0,0,1,1,0,0,1,0,0,0,0,0,0
Elizabeth Arden Eight Hour Great 8 Daily Defense Moisturizer 45ml,Moisturiser,Elizabeth Arden,Premium,36.0,Mid-range,26,2,3,0.36542536115569824,0,1,0,1,0,0,0,1,0,0,1,1,0,0,0,0,0,0
Skin Doctors Sd White & Bright (50ml),Moisturiser,Skin Doctors,Mid-range,21.99,Affordable,27,2,3,0.3699197431781701,1,1,0,1,0,0,0,0,1,0,0,1,0,0,1,1,0,2
Origins GinZing Ultra Hydrating Energy-Boosting Cream Moisturiser 50ml,Moisturiser,Origins,Mid-range,25.0,Affordable,53,4,5,0.6924879614767255,1,1,0,1,1,1,0,1,1,0,0,1,1,1,0,0,0,1
Elizabeth Arden Eight Hour Cream Skin Protectant (50ml),Moisturiser,Elizabeth Arden,Premium,28.0,Mid-range,17,4,2,0.40211878009630814,1,1,0,1,1,1,0,0,0,0,0,1,0,1,0,0,0,1
PRAI AGELESS Throat & Decolletage Crème 50ml,Moisturiser,PRAI,Mid-range,24.99,Affordable,37,1,3,0.35486356340288927,0,1,0,0,0,0,0,1,0,1,1,0,0,0,0,0,0,0
La Roche-Posay Toleriane Sensitive Fluid Moisturiser 40ml,Moisturiser,La Roche-Posay,Mid-range,16.5,Affordable,9,4,2,0.3661637239165329,1,1,0,1,1,1,0,1,0,0,0,0,1,0,0,0,0,1
La Roche-Posay Effaclar MAT+ 40ml,Moisturiser,La Roche-Posay,Mid-range,17.0,Affordable,27,4,4,0.5327768860353129,1,1,0,1,1,1,0,1,1,0,0,1,0,1,0,0,0,1
Mama Mio The Tummy Rub Butter 120ml - Fragrance Free,Moisturiser,Mama Mio,Mid-range,24.0,Affordable,34,1,3,0.34138041733547353,0,1,0,0,0,0,0,1,1,1,0,0,0,0,0,0,0,0
Clinique Moisture Surge 72 Hour Auto Replenishing Hydrator 50ml,Moisturiser,Clinique,Mid-range,37.0,Mid-range,34,1,2,0.29852327447833066,1,1,0,0,0,0,0,1,0,0,0,0,0,0,1,1,0,2
Elemis Pro-Collagen Marine Cream 50ml,Moisturiser,Elemis,Premium,87.0,Premium,37,1,3,0.35486356340288927,0,1,0,0,0,0,0,1,1,1,0,0,0,0,0,0,0,0
La Roche-Posay Toleriane Ultra Fluid 40ml,Moisturiser,La Roche-Posay,Mid-range,18.5,Affordable,15,1,3,0.2559871589085072,1,1,0,0,0,0,0,1,1,0,0,0,0,0,1,1,0,2
Clinique Moisture Surge 72-Hour Auto-Replenishing Hydrator 15ml,Moisturiser,Clinique,Mid-range,12.0,Affordable,34,1,2,0.29852327447833066,1,1,0,0,0,0,0,1,0,0,0,0,0,0,1,1,0,2
Clinique for Men Moisturising Lotion 100ml,Moisturiser,Clinique,Mid-range,25.4,Mid-range,21,1,1,0.19723916532905297,0,1,0,0,0,0,0,1,0,0,0,0,0,0,0,0,0,0
Bulldog Oil Control Moisturiser 100ml,Moisturiser,Bulldog,Budget,4.5,Budget,23,1,2,0.24908507223113963,0,1,0,0,0,0,0,1,0,1,0,0,0,0,0,0,0,0
Bulldog Age Defence Moisturiser 100ml,Moisturiser,Bulldog,Budget,6.75,Budget,23,1,2,0.24908507223113963,0,1,0,0,0,0,0,1,0,1,0,0,0,0,0,0,0,0
The INKEY List Multi-Biotic Moisturiser 30ml,Moisturiser,The INKEY List,Budget,12.99,Affordable,29,1,4,0.3617656500802568,1,1,0,0,0,0,0,1,1,1,0,0,0,0,1,1,0,2
Caudalie Vinosource Moisturising Sorbet 40ml,Moisturiser,Caudalie,Mid-range,23.0,Affordable,33,1,4,0.37974317817014447,1,1,0,0,0,0,0,1,1,1,0,0,0,0,1,1,0,2
Neutrogena Refreshingly Clear Oil-Free Moisturiser 50ml,Moisturiser,Neutrogena,Budget,5.24,Budget,31,4,4,0.5507544141252007,1,1,0,1,1,1,0,1,1,0,0,1,0,1,0,0,0,1
The INKEY List Turmeric Moisturiser 30ml,Moisturiser,The INKEY List,Budget,7.99,Budget,18,1,1,0.18375601926163723,0,1,0,0,0,0,0,1,0,0,0,0,0,0,0,0,0,0
The Ordinary Vitamin C Suspension Cream 30% in Silicone 30ml,Moisturiser,The Ordinary,Budget,6.1,Budget,4,1,1,0.12083467094703049,0,0,0,0,0,0,1,0,0,0,0,0,1,0,0,0,0,3
La Roche-Posay Toleriane Sensitive Moisturiser 40ml,Moisturiser,La Roche-Posay,Mid-range,16.5,Affordable,9,4,2,0.3661637239165329,1,1,0,1,1,1,0,1,0,0,0,0,1,0,0,0,0,1
Avene Hydrance Hydrating Cream 40ml,Moisturiser,Avene,Budget,15.5,Affordable,24,1,2,0.25357945425361156,0,1,0,0,0,0,0,1,1,0,0,0,0,0,0,0,0,0
Caudalie Vinoperfect Dark Spot Correcting Glycolic Night Cream 50ml,Moisturiser,Caudalie,Mid-range,34.0,Mid-range,37,2,3,0.4148635634028892,1,1,1,0,0,0,0,1,1,0,0,0,0,1,0,0,0,0
L'Oréal Men Expert Pure & Matte Anti-Shine Moisturising Gel (50ml),Moisturiser,L'Oréal,Budget,4.99,Budget,19,1,1,0.18825040128410914,0,1,0,0,0,0,0,1,0,0,0,0,0,0,0,0,0,0
Estée Lauder Revitalising Supreme + Global Anti-ageing Cell Power Crème 30ml,Moisturiser,Estée Lauder,Premium,44.1,Mid-range,50,1,3,0.4132905296950241,1,1,0,0,0,0,0,1,1,0,0,0,0,0,1,1,0,2
The Chemistry Brand Heel Hydration Complex 100ml,Moisturiser,The Chemistry Brand,Mid-range,14.99,Affordable,40,1,2,0.3254895666131621,0,1,0,0,0,0,0,1,1,0,0,0,0,0,0,0,0,0
Elizabeth Arden Visible Difference Refining Moisture Cream (75ml),Moisturiser,Elizabeth Arden,Premium,30.0,Mid-range,24,2,3,0.35643659711075437,0,1,1,0,0,0,0,1,1,1,0,0,0,0,0,0,0,0
Antipodes Baptise H20 Ultra-Hydrating Water Gel 60ml,Moisturiser,Antipodes,Premium,25.58,Mid-range,30,1,2,0.280545746388443,0,1,0,0,0,0,0,1,0,0,1,0,0,0,0,0,0,0
L'Oréal Paris Dermo Expertise Triple Active Hydrating Night Moisturiser (50ml),Moisturiser,L'Oréal,Budget,7.49,Budget,37,2,3,0.4148635634028892,0,1,1,0,0,0,0,1,1,1,0,0,0,0,0,0,0,0
Bulldog Sensitive Moisturiser 100ml,Moisturiser,Bulldog,Budget,4.5,Budget,22,1,1,0.20173354735152485,0,1,0,0,0,0,0,1,0,0,0,0,0,0,0,0,0,0
Dr.Jart+ Ceramidin Cream 50ml,Moisturiser,Dr.Jart+,Mid-range,35.5,Mid-range,61,2,3,0.5227287319422151,1,1,1,0,0,0,0,1,1,0,0,0,0,0,1,1,0,2
"
Erno Laszlo Phelityl Night Cream 50ml",Moisturiser,Erno Laszlo,Premium,135.0,Luxury,27,1,1,0.22420545746388443,0,1,0,0,0,0,0,0,1,0,0,0,0,0,0,0,0,0
Antipodes Avocado Pear Nourishing Night Cream 60ml,Moisturiser,Antipodes,Premium,34.99,Mid-range,29,1,3,0.3189085072231139,0,1,0,0,0,0,0,1,1,1,0,0,0,0,0,0,0,0
Fade Out ADVANCED Even Skin Tone Night Cream 50ml,Moisturiser,Fade Out,Budget,9.99,Budget,34,5,4,0.6242375601926163,1,1,1,1,1,1,0,1,1,0,0,0,1,1,0,0,0,1
NIOD Hydration Vaccine Face Cream 50ml,Moisturiser,NIOD,Premium,35.0,Mid-range,42,1,3,0.37733547351524876,0,1,0,0,0,0,0,1,1,1,0,0,0,0,0,0,0,0
The INKEY List Peptide Moisturizer 50ml,Moisturiser,The INKEY List,Budget,14.99,Affordable,22,1,3,0.28744783306581057,1,1,0,0,0,0,0,1,1,0,0,0,0,0,1,1,0,2
Clinique Moisture Surge Intense Skin Fortifying Hydrator 50ml,Moisturiser,Clinique,Mid-range,37.0,Mid-range,34,1,4,0.38423756019261635,1,1,0,0,0,0,0,1,1,1,0,0,0,0,1,1,0,2
Clinique Moisture Surge 72-Hour Auto Replenishing Hydrator 30ml,Moisturiser,Clinique,Mid-range,25.0,Affordable,35,1,2,0.3030176565008026,1,1,0,0,0,0,0,1,0,0,0,0,0,0,1,1,0,2
L'Oréal Paris Hydra Genius Liquid Care Moisturiser for Normal Combination Skin 70ml 2 Pack Exclusive,Moisturiser,L'Oréal,Budget,13.99,Affordable,34,1,2,0.29852327447833066,0,1,0,0,0,0,0,1,0,1,0,0,0,0,0,0,0,0
Murad Hydro-Dynamic™ Ultimate Moisture (50ml),Moisturiser,Murad,Premium,60.0,Premium,52,2,4,0.5251364365971107,1,1,1,0,0,0,0,1,1,1,0,0,0,0,1,1,0,2
Clinique Redness Solutions Daily Relief Cream 50ml,Moisturiser,Clinique,Mid-range,42.0,Mid-range,55,4,5,0.7014767255216693,1,1,0,1,1,1,0,1,1,0,1,1,0,1,0,0,0,1
DECLÉOR Hydra Floral Anti-Pollution Hydrating Rich Cream,Moisturiser,DECLÉOR,Premium,32.2,Mid-range,47,2,3,0.4598073836276083,0,1,1,0,0,0,0,1,1,1,0,0,0,0,0,0,0,0
Elemis Pro-Collagen Oxygenating Night Cream 50ml,Moisturiser,Elemis,Premium,99.0,Premium,39,1,4,0.40670947030497595,1,1,0,0,0,0,0,1,1,1,0,0,0,0,1,1,0,2
Weleda Skin Food 75ml - Light,Moisturiser,Weleda,Budget,12.95,Affordable,22,1,3,0.28744783306581057,0,1,0,0,0,0,0,1,1,0,0,0,0,1,0,0,0,0
Clinique Moisture Surge SPF25 Sheertint Hydrator - Universal Light Medium 40ml,Moisturiser,Clinique,Mid-range,30.0,Mid-range,44,3,3,0.5063242375601926,0,1,0,0,1,1,0,1,0,1,1,0,0,0,0,0,0,1
The INKEY List Bakuchiol Moisturiser 30ml,Moisturiser,The INKEY List,Budget,9.99,Budget,18,1,2,0.22661316211878008,0,1,0,0,0,0,0,1,0,0,0,0,0,0,1,1,0,2
COSRX Advanced Snail 92 All in One Cream 100ml,Moisturiser,COSRX,Mid-range,27.0,Mid-range,18,2,3,0.32947030497592295,0,1,1,0,0,0,0,1,1,1,0,0,0,0,0,0,0,0
bareMinerals Butter Drench Intense Moisurising Day Cream,Moisturiser,REN,Premium,32.0,Mid-range,48,2,4,0.5071589085072231,1,1,1,0,0,0,0,1,1,1,0,0,0,0,1,1,0,2
Eucerin Anti-Pigment SPF30 Day Cream 50ml,Moisturiser,Eucerin,Mid-range,25.0,Affordable,30,2,4,0.42626003210272867,0,1,0,1,0,0,0,1,1,0,1,1,0,0,0,0,0,0
Clinique for Men Oil-Control Moisturiser 100ml,Moisturiser,Clinique,Mid-range,25.5,Mid-range,32,1,1,0.24667736757624398,0,1,0,0,0,0,0,1,0,0,0,0,0,0,0,0,0,0
Sukin Sensitive Facial Moisturiser (125ml),Moisturiser,Sukin,Budget,7.95,Budget,19,1,2,0.231107544141252,0,1,0,0,0,0,0,1,1,0,0,0,0,0,0,0,0,0
Fade Out ADVANCED Even Skin Tone Day Cream SPF 25 50ml,Moisturiser,Fade Out,Budget,9.99,Budget,34,5,5,0.6670947030497593,1,1,1,1,1,1,0,1,1,0,1,0,1,1,0,0,0,1
First Aid Beauty Coconut Skin Smoothie Priming Moisturiser,Moisturiser,First Aid Beauty,Mid-range,20.5,Affordable,43,3,3,0.5018298555377207,0,1,0,0,1,1,0,1,0,1,1,0,0,0,0,0,0,1
Avène Rich Revitalizing Nourishing Cream 50ml,Moisturiser,Avène,Budget,17.5,Affordable,31,1,3,0.3278972712680578,0,1,0,0,0,0,0,1,1,1,0,0,0,0,0,0,0,0
REN Clean Skincare Evercalm Global Protection Day Cream,Moisturiser,REN,Premium,34.0,Mid-range,33,1,3,0.3368860353130016,0,1,0,0,0,0,0,1,1,1,0,0,0,0,0,0,0,0
Fade Out ADVANCED + Age Protection Even Skin Tone Day Cream SPF 25 50ml,Moisturiser,Fade Out,Budget,12.99,Affordable,36,5,5,0.676083467094703,1,1,1,1,1,1,0,1,1,0,1,0,1,1,0,0,0,1
Bulldog Protective Moisturiser 100ml,Moisturiser,Bulldog,Budget,6.75,Budget,34,2,3,0.40138041733547347,0,1,0,1,0,0,0,1,0,0,1,1,0,0,0,0,0,0
Alpha-H Daily Essential Moisturiser Spf50+ (50ml),Moisturiser,Alpha-H,Premium,29.0,Mid-range,24,3,5,0.5021508828250402,0,1,1,1,0,0,0,1,1,1,1,1,0,0,0,0,0,1
Pai Skincare Chamomile and Rosehip Calming Day Cream 50ml,Moisturiser,Pai,Premium,38.0,Mid-range,18,1,3,0.26947030497592295,0,1,0,0,0,0,0,1,1,0,0,0,0,1,0,0,0,0
Estée Lauder DayWear Anti-Oxidant 72H-Hydration Sorbet Creme SPF 15 50ml,Moisturiser,Estée Lauder,Premium,40.5,Mid-range,50,2,4,0.5161476725521669,0,1,0,1,0,0,0,1,1,0,1,1,0,0,0,0,0,0
Liz Earle Skin Repair Light,Moisturiser,Pai,Premium,23.0,Affordable,30,1,2,0.280545746388443,0,1,0,0,0,0,0,1,1,0,0,0,0,0,0,0,0,0
Elemis Peptide4 Plumping Pillow Facial,Moisturiser,Elemis,Premium,52.0,Premium,36,1,2,0.30751203852327447,0,1,0,0,0,0,0,1,0,1,0,0,0,0,0,0,0,0
Murad Oil and Pore Control Mattifier SPF45 PA 50ml,Moisturiser,Murad,Premium,35.0,Mid-range,42,5,5,0.7030497592295345,0,1,1,1,1,1,0,1,1,1,1,1,0,0,0,0,0,1
Clinique for Men Anti-Age Moisturiser 100ml,Moisturiser,Clinique,Mid-range,32.5,Mid-range,34,1,4,0.38423756019261635,1,1,0,0,0,0,0,1,1,1,0,0,0,0,1,1,0,2
AMELIORATE Transforming Body Cream 225ml,Moisturiser,AMELIORATE,Mid-range,27.5,Mid-range,40,2,4,0.47120385232744777,0,1,1,0,0,0,0,1,1,1,0,0,0,1,0,0,0,0
"JASON Age Renewal Vitamin E 25,000iu Cream (120g)",Moisturiser,REN,Premium,9.99,Budget,20,1,4,0.3213162118780096,0,1,0,0,0,0,0,1,1,1,0,0,1,0,0,0,0,0
Clinique Smart SPF 15 Custom Repair Moisturiser - Dry to Combination Skin - 50ml,Moisturiser,Clinique,Mid-range,52.0,Premium,54,2,5,0.5769823434991974,1,1,0,1,0,0,0,1,1,1,0,1,0,0,1,1,0,2
Mama Mio The Tummy Rub Butter 120ml - Lavender and Mint,Moisturiser,Mama Mio,Mid-range,24.0,Affordable,47,1,3,0.3998073836276083,0,1,0,0,0,0,0,1,1,1,0,0,0,0,0,0,0,0
Neal's Yard Remedies Vitamin E and Avocado Night Cream 50g,Moisturiser,Neal's Yard Remedies,Mid-range,22.0,Affordable,22,1,2,0.2445906902086677,0,1,0,0,0,0,0,1,1,0,0,0,0,0,0,0,0,0
First Aid Beauty Ultra Repair Face Moisturiser (50ml),Moisturiser,First Aid Beauty,Mid-range,20.0,Affordable,21,2,3,0.3429534510433387,0,1,1,0,0,0,0,1,1,1,0,0,0,0,0,0,0,0
Bioderma Hydrabio Gel Cream 40ml,Moisturiser,Bioderma,Budget,15.2,Affordable,29,4,5,0.5846227929373997,1,1,0,1,1,1,0,1,1,0,0,1,1,1,0,0,0,1
Estée Lauder NightWear Plus Anti-Oxidant Night Detox Crème 50ml,Moisturiser,Estée Lauder,Premium,44.1,Mid-range,79,1,3,0.5436276083467095,0,1,0,0,0,0,0,1,1,1,0,0,0,0,0,0,0,0
The Ordinary 10% Agireline Solution 30ml,Serum,The Ordinary,Budget,5.8,Budget,10,1,3,0.23351524879614766,1,0,0,0,0,0,1,1,1,0,0,0,0,0,1,1,0,3
The Ordinary Buffet Supersize Serum 60ml,Serum,The Ordinary,Budget,24.4,Affordable,50,2,4,0.5161476725521669,1,1,1,0,0,0,0,1,1,1,0,0,0,0,1,1,0,2
The Ordinary 100% Pycnogenol 5% 15ml,Serum,The Ordinary,Budget,8.9,Budget,2,1,1,0.11184590690208668,0,0,0,0,0,0,1,1,0,0,0,0,0,0,0,0,0,3
Medik8 C-Tetra Serum 30ml,Serum,Medik8,Premium,35.0,Mid-range,8,1,1,0.13881219903691813,0,0,0,0,0,0,1,0,0,0,0,0,0,0,0,0,1,3
Estée Lauder Advanced Night Repair Synchronized Recovery Complex II 30ml,Serum,Estée Lauder,Premium,52.2,Premium,39,1,2,0.3209951845906902,1,1,0,0,0,0,0,1,0,0,0,0,0,0,1,1,0,2
Estée Lauder Advanced Night Repair Synchronized Recovery Complex II 50ml,Serum,Estée Lauder,Premium,70.2,Premium,39,1,2,0.3209951845906902,1,1,0,0,0,0,0,1,0,0,0,0,0,0,1,1,0,2
The Ordinary Hyaluronic Acid 2% + B5 Supersize Serum 60ml,Serum,The Ordinary,Budget,11.0,Affordable,18,2,1,0.24375601926163723,0,1,1,0,0,0,0,1,0,0,0,0,0,0,0,0,0,0
The Ordinary Marine Hyaluronics 30ml,Serum,The Ordinary,Budget,6.2,Budget,32,4,4,0.5552487961476725,1,1,0,1,1,1,0,1,0,1,0,1,0,1,0,0,0,1
Avene Hydrance Intense Serum 30ml,Serum,Avene,Budget,20.0,Affordable,17,1,2,0.22211878009630814,0,1,0,0,0,0,0,1,1,0,0,0,0,0,0,0,0,0
VICHY Minéral 89 Hyaluronic Acid Hydration Booster 50ml,Serum,VICHY,Mid-range,25.0,Affordable,10,1,1,0.14780096308186194,0,1,0,0,0,0,0,1,0,0,0,0,0,0,0,0,0,0
La Roche-Posay Pure Vitamin C10 Serum 30ml,Serum,La Roche-Posay,Mid-range,38.0,Mid-range,27,4,6,0.6184911717495987,1,1,0,1,1,1,0,1,1,0,0,1,1,1,1,1,0,1
PIXI Overnight Glow Serum,Serum,PIXI,Mid-range,26.0,Mid-range,24,1,3,0.29643659711075443,1,1,0,0,0,0,0,1,0,0,0,0,1,1,0,0,0,0
Clinique Even Better Clinical Radical Dark Spot Corrector + Interrupter 50ml,Serum,Clinique,Mid-range,64.0,Premium,48,4,4,0.6271589085072231,1,1,0,1,1,1,0,0,1,1,0,1,0,1,0,0,0,1
Medik8 Hydr8 B5 Serum 30ml,Serum,Medik8,Premium,40.0,Mid-range,6,2,1,0.1898234349919743,0,1,1,0,0,0,0,1,0,0,0,0,0,0,0,0,0,0
NIP+FAB Dragons Blood Fix Serum 50ml,Serum,NIP+FAB,Budget,19.95,Affordable,29,1,1,0.23319422150882824,0,1,0,0,0,0,0,1,0,0,0,0,0,0,0,0,0,0
By Terry Cellularose CC Serum 30ml (Various Shades),Serum,By,Premium,61.0,Premium,46,1,2,0.35245585874799357,0,1,0,0,0,0,0,1,0,0,1,0,0,0,0,0,0,0
NIP+FAB Salicylic Fix Serum Extreme 2% 50ml,Serum,NIP+FAB,Budget,19.95,Affordable,19,4,3,0.4539646869983949,1,1,0,1,1,1,0,1,0,0,0,1,0,1,0,0,0,1
NIOD Multi-Molecular Hyaluronic Complex 15ml,Serum,NIOD,Premium,25.0,Affordable,28,1,4,0.35727126805778486,1,1,0,0,0,0,0,1,1,1,0,0,0,0,1,1,0,2
Medik8 Crystal Retinal 6,Serum,Medik8,Premium,59.0,Premium,37,1,4,0.3977207062600321,0,1,0,0,0,0,0,1,1,0,1,0,1,0,0,0,0,0
PIXI Collagen and Retinol Serum 30ml,Serum,PIXI,Mid-range,26.0,Mid-range,18,4,4,0.4923274478330658,1,1,0,1,1,1,0,1,1,0,0,0,1,0,1,1,0,1
Elizabeth Arden Ceramide Capsules Advanced (90 Capsules),Serum,Elizabeth Arden,Premium,84.0,Premium,24,2,2,0.31357945425361156,0,1,1,0,0,0,0,0,1,1,0,0,0,0,0,0,0,0
Elizabeth Arden Retinol Ceramide Capsules Line Erasing Night Serum - 30 Pieces (Sleeved Version),Serum,Elizabeth Arden,Premium,42.0,Mid-range,26,2,3,0.36542536115569824,1,1,1,0,0,0,0,0,1,1,0,0,0,0,1,1,0,2
Tan-Luxe Super Glow Body Hyaluronic Self-Tan Serum 150ml,Serum,Tan-Luxe,Premium,35.0,Mid-range,47,1,2,0.35695024077046544,0,1,0,0,0,0,0,1,0,0,0,0,1,0,0,0,0,0
La Roche-Posay Rosaliac AR Intense Serum 40ml,Serum,La Roche-Posay,Mid-range,19.5,Affordable,12,1,4,0.28536115569823434,1,1,0,0,0,0,0,1,1,1,0,0,0,0,1,1,0,2
La Roche-Posay Toleriane Ultra Cream,Serum,La Roche-Posay,Mid-range,18.5,Affordable,14,1,3,0.25149277688603533,1,1,0,0,0,0,0,1,1,0,0,0,0,0,1,1,0,2
Clinique Even Better Clinical Radical Dark Spot Corrector + Interrupter 30ml,Serum,Clinique,Mid-range,45.0,Mid-range,48,4,4,0.6271589085072231,1,1,0,1,1,1,0,0,1,1,0,1,0,1,0,0,0,1
Elizabeth Arden Retinol Ceramide Capsules Line Erasing Night Serum - 60 Pieces (Sleeved Version),Serum,Elizabeth Arden,Premium,72.0,Premium,26,2,3,0.36542536115569824,1,1,1,0,0,0,0,0,1,1,0,0,0,0,1,1,0,2
VICHY Minéral 89 Hyaluronic Acid Hydration Booster 75ml,Serum,VICHY,Mid-range,30.0,Mid-range,10,1,1,0.14780096308186194,0,1,0,0,0,0,0,1,0,0,0,0,0,0,0,0,0,0
PIXI Glow Tonic Serum 30ml,Serum,PIXI,Mid-range,26.0,Mid-range,26,1,3,0.30542536115569824,1,1,0,0,0,0,0,1,0,0,0,0,1,1,0,0,0,0
DECLÉOR Aromessence Neroli Amara Serum 15ml,Serum,DECLÉOR,Premium,36.4,Mid-range,11,1,1,0.15229534510433385,0,1,0,0,0,0,0,0,0,0,0,0,0,0,0,0,1,4
The Ordinary Amino Acids + B5,Serum,The Ordinary,Budget,5.9,Budget,25,1,1,0.2152166934189406,0,0,1,0,0,0,0,1,0,0,0,0,0,0,0,0,0,0
Lancôme Advanced Génifique Eye and Lash Serum - Light Pearl 20ml,Serum,Lancôme,Premium,44.55,Mid-range,26,1,2,0.26256821829855537,0,1,0,0,0,0,0,1,0,1,0,0,0,0,0,0,0,0
REN Clean Skincare Radiance Perfection Serum,Serum,REN,Premium,38.0,Mid-range,36,1,3,0.35036918138041734,0,1,0,0,0,0,0,1,1,0,0,0,0,1,0,0,0,0
Sanctuary Spa Hyaluronic Wonder Oil Serum 30ml,Serum,Sanctuary Spa,Budget,20.0,Affordable,30,1,2,0.280545746388443,0,1,0,0,0,0,0,0,0,1,1,0,0,0,0,0,0,0
La Roche-Posay Hydraphase Intense Serum (30ml),Serum,La Roche-Posay,Mid-range,22.0,Affordable,16,1,1,0.17476725521669342,0,1,0,0,0,0,0,1,0,0,0,0,0,0,0,0,0,0
L'Oréal Paris Hydra Genius Liquid Care Moisturiser Combination Skin 70ml,Serum,L'Oréal,Budget,9.99,Budget,34,1,2,0.29852327447833066,0,1,0,0,0,0,0,1,0,1,0,0,0,0,0,0,0,0
bareMinerals SkinLongevity Vital Power Infusion Serum 50ml,Serum,bareMinerals,Mid-range,48.0,Mid-range,45,4,4,0.6136757624398074,1,1,0,1,1,1,0,1,0,1,0,0,1,0,1,1,0,1
REN Clean Skincare Evercalm Anti-Redness Serum,Serum,REN,Premium,32.0,Mid-range,28,1,3,0.31441412520064205,0,1,0,0,0,0,0,1,1,0,0,0,0,1,0,0,0,0
Elizabeth Arden Advanced Ceramide Capsules Daily Youth Restoring Eye Serum (60 Pack),Serum,Elizabeth Arden,Premium,52.0,Premium,28,2,3,0.37441412520064205,1,1,1,0,0,0,0,0,1,1,0,0,0,0,1,1,0,2
Estée Lauder Perfectionist Pro Multi-Defense Aqua UV Gel SPF 50 with 8 Anti-Oxidants,Serum,Estée Lauder,Premium,32.4,Mid-range,49,2,4,0.511653290529695,0,1,0,1,0,0,0,1,1,0,1,1,0,0,0,0,0,0
NIP+FAB Retinol Fix Serum Extreme 50ml,Serum,NIP+FAB,Budget,29.95,Mid-range,25,1,2,0.25807383627608343,1,1,0,0,0,0,0,1,0,0,0,0,0,0,1,1,0,2
Origins Plantscription Anti-Aging Power Serum 50ml,Serum,Origins,Mid-range,65.0,Premium,58,1,3,0.44924558587479935,1,1,0,0,0,0,0,1,1,0,0,0,0,0,1,1,0,2
Estée Lauder Perfectionist Pro Rapid Brightening Treatment with Ferment2+ Vitamin C 50ml,Serum,Estée Lauder,Premium,77.4,Premium,58,4,5,0.7149598715890851,1,1,0,1,1,1,0,1,1,1,0,1,0,1,0,0,0,1
Peter Thomas Roth Retinol Fusion PM 30ml,Serum,Peter Thomas Roth,Premium,55.5,Premium,11,1,1,0.15229534510433385,1,0,0,0,0,0,1,0,0,0,0,0,0,0,1,1,0,3
Elizabeth Arden Skin Illuminating Advanced Brightening Night Capsules (50 Capsules),Serum,Elizabeth Arden,Premium,60.0,Premium,28,2,3,0.37441412520064205,1,0,0,1,1,0,0,0,0,1,0,0,1,1,0,0,0,1
Caudalie VineActiv Glow Activating Anti-Wrinkle Serum 30ml,Serum,Caudalie,Mid-range,36.0,Mid-range,21,1,1,0.19723916532905297,0,1,0,0,0,0,0,1,0,0,0,0,0,0,0,0,0,0
Sukin Super Greens Recovery Serum 30ml,Serum,Sukin,Budget,13.95,Affordable,21,1,2,0.24009630818619582,0,1,0,0,0,0,0,1,0,0,0,0,0,1,0,0,0,0
Pai Skincare Back to Life Hydration Serum 30ml,Serum,Pai,Premium,42.0,Mid-range,21,1,2,0.24009630818619582,0,1,0,0,0,0,0,1,0,0,0,0,0,1,0,0,0,0
OSKIA Super 16 Serum (30ml),Serum,OSKIA,Premium,90.0,Premium,36,1,2,0.30751203852327447,0,1,0,0,0,0,0,1,0,0,0,0,0,0,1,1,0,2
La Roche-Posay Pigmentclar Serum 30ml,Serum,La Roche-Posay,Mid-range,30.0,Mid-range,28,4,7,0.6658426966292135,1,1,0,1,1,1,0,1,1,1,1,1,1,1,0,0,0,1
"Clinique Repairwear Laser Focus Smooths, Restores, Refines 50ml",Serum,Clinique,Mid-range,47.0,Mid-range,41,1,3,0.3728410914927769,1,1,0,0,0,0,0,1,1,0,0,0,0,0,1,1,0,2
DECLÉOR Aromessence Green Mandarin Essential Oil Serum 15ml,Serum,DECLÉOR,Premium,38.5,Mid-range,20,1,1,0.19274478330658104,0,1,0,0,0,0,0,0,0,0,0,0,0,0,0,0,1,4
DECLÉOR Organic Aromessence Rose d'Orient Soothing Comfort Oil Serum,Serum,DECLÉOR,Premium,36.4,Mid-range,15,1,1,0.1702728731942215,0,1,0,0,0,0,0,0,0,0,0,0,0,0,0,0,1,4
Lancôme Advanced Génifique Youth Activating Serum 30ml,Serum,Lancôme,Premium,53.55,Premium,33,1,2,0.2940288924558587,0,1,0,0,0,0,0,1,0,1,0,0,0,0,0,0,0,0
Lancôme Advanced Génifique Youth Activating Serum 50ml,Serum,Lancôme,Premium,75.15,Premium,33,1,2,0.2940288924558587,0,1,0,0,0,0,0,1,0,1,0,0,0,0,0,0,0,0
Lancôme Advanced Génifique Youth Activating Serum 75ml,Serum,Lancôme,Premium,90.45,Premium,33,1,2,0.2940288924558587,0,1,0,0,0,0,0,1,0,1,0,0,0,0,0,0,0,0
Lancôme Advanced Génifique Youth Activating Serum 115ml,Serum,Lancôme,Premium,114.3,Luxury,33,1,2,0.2940288924558587,0,1,0,0,0,0,0,1,0,1,0,0,0,0,0,0,0,0
COSRX AC Collection Blemish Spot Clearing Serum 40ml,Serum,COSRX,Mid-range,27.0,Mid-range,24,5,5,0.6221508828250402,1,1,1,1,1,1,0,1,1,1,0,0,1,0,1,1,0,1
Holika Holika 3 Seconds Starter (Hyaluronic Acid),Serum,Holika Holika,Budget,12.95,Affordable,34,1,1,0.2556661316211878,0,1,0,0,0,0,0,1,0,0,0,0,0,0,0,0,0,0
Dermalogica AGE Bright Clearing Serum 30ml,Serum,Dermalogica,Premium,52.65,Premium,32,4,4,0.5552487961476725,1,1,0,1,1,1,0,1,0,0,0,1,1,1,0,0,0,1
Dr. Hauschka Night Serum 20ml,Serum,Dr. Hauschka,Premium,29.5,Mid-range,15,1,1,0.1702728731942215,0,1,0,0,0,0,0,1,0,0,0,0,0,0,0,0,0,0
Elizabeth Arden SuperStart Skin Renewal Booster 50ml,Serum,Elizabeth Arden,Premium,60.0,Premium,36,2,3,0.41036918138041734,0,1,1,0,0,0,0,1,1,1,0,0,0,0,0,0,0,0
Lancôme Génifique Double Drop Serum 20ml,Serum,Lancôme,Premium,54.0,Premium,23,1,2,0.24908507223113963,0,1,0,0,0,0,0,1,0,1,0,0,0,0,0,0,0,0
SkinCeuticals Discoloration Defense Corrective Serum 30ml,Serum,SkinCeuticals,Premium,85.0,Premium,13,5,3,0.4869983948635634,1,1,1,1,1,1,0,1,0,1,0,0,1,0,0,0,0,1
Aurelia Probiotic Skincare Revitalise & Glow Serum 30ml,Serum,Aurelia,Premium,51.2,Premium,29,1,3,0.3189085072231139,0,1,0,0,0,0,0,1,1,1,0,0,0,0,0,0,0,0
Estée Lauder Idealist Pore Minimizing Skin Refinisher 30ml,Serum,Estée Lauder,Premium,42.3,Mid-range,55,1,4,0.4786195826645264,1,1,0,0,0,0,0,1,1,0,1,0,0,0,1,1,0,2
Estée Lauder Perfectionist [CP+R] Wrinkle Lifting/Firming Serum 30ml,Serum,Estée Lauder,Premium,55.8,Premium,68,1,4,0.5370465489566613,1,1,0,0,0,0,0,1,1,0,1,0,0,0,1,1,0,2
DECLÉOR Aromessence Magnolia Youthful Oil Serum 15ml 0.5oz,Serum,DECLÉOR,Premium,49.0,Mid-range,26,1,1,0.21971107544141252,0,1,0,0,0,0,0,0,0,1,0,0,0,0,0,0,0,0
Murad Retinol Youth Renewal Serum Travel Size,Serum,Murad,Premium,25.0,Affordable,52,2,5,0.5679935794542537,1,1,1,0,0,0,0,1,1,1,1,0,0,0,1,1,0,2
Caudalie Resvératrol Lift Firming Serum (30ml),Serum,Caudalie,Mid-range,46.0,Mid-range,27,1,3,0.30991974317817017,1,1,0,0,0,0,0,1,1,0,0,0,0,0,1,1,0,2
Pai Skincare Instant Calm Redness Serum Sea Aster and Wild Oat 30ml,Serum,Pai,Premium,46.0,Mid-range,22,1,3,0.28744783306581057,0,1,0,0,0,0,0,1,1,0,0,0,0,1,0,0,0,0
Gallinée Probiotic Youthful Serum 30ml,Serum,Gallinée,Mid-range,38.25,Mid-range,24,1,3,0.29643659711075443,0,1,0,0,0,0,0,1,0,1,0,0,0,1,0,0,0,0
PIXI Hydrating Milky Serum 30ml,Serum,PIXI,Mid-range,26.0,Mid-range,20,1,1,0.19274478330658104,0,1,0,0,0,0,0,1,0,0,0,0,0,0,0,0,0,0
Darphin Intral Redness Relief Soothing Serum,Serum,Darphin,Premium,74.0,Premium,28,2,2,0.3315569823434992,0,1,1,0,0,0,0,1,0,1,0,0,0,0,0,0,0,0
Zelens Z Hyaluron Hyaluronic Acid Complex Serum Drops 30ml,Serum,Zelens,Premium,55.0,Premium,25,1,2,0.25807383627608343,0,1,0,0,0,0,0,1,0,1,0,0,0,0,0,0,0,0
Dr Dennis Gross Skincare C+Collagen Brighten and Firm Vitamin C Serum 30ml,Serum,Dr,Premium,79.0,Premium,38,4,4,0.582215088282504,1,1,0,1,1,1,0,1,0,1,0,0,1,1,0,0,0,1
Estée Lauder Perfectionist Pro Rapid Firm + Lift Serum Hexapeptide-8 50ml,Serum,Estée Lauder,Premium,77.4,Premium,87,1,5,0.6652969502407704,1,1,0,0,0,0,0,1,1,0,1,0,0,1,1,1,0,2
GLAMGLOW Superserum 30ml,Serum,GLAMGLOW,Premium,48.0,Mid-range,43,4,5,0.6475441412520064,1,1,0,1,1,1,0,1,1,0,1,1,0,1,0,0,0,1
Too Faced Hangover Good in Bed Ultra-Hydrating Replenishing Serum 29ml,Serum,Too Faced,Premium,32.0,Mid-range,24,2,4,0.39929373996789724,1,1,1,0,0,0,0,1,1,0,1,0,0,0,1,1,0,2
Elizabeth Arden Prevage Face Advanced Anti-Aging Serum (50ml),Serum,Elizabeth Arden,Premium,170.0,Luxury,37,1,2,0.3120064205457464,0,1,0,0,0,0,0,1,0,0,1,0,0,0,0,0,0,0
Liz Earle Superskin Face Serum 30ml Pump,Serum,Liz Earle,Mid-range,45.0,Mid-range,45,1,4,0.4336757624398073,0,1,0,0,0,0,0,1,1,1,0,0,1,0,0,0,0,0
Sukin Purely Ageless Firming Serum 30ml,Serum,Sukin,Budget,19.95,Affordable,22,1,2,0.2445906902086677,0,1,0,0,0,0,0,0,1,0,0,0,0,1,0,0,0,0
Bobbi Brown Extra Repair Serum 30ml,Serum,Pai,Premium,68.5,Premium,33,1,4,0.37974317817014447,1,1,0,0,0,0,0,1,1,1,0,0,0,0,1,1,0,2
Indeed Labs Eysilix Serum 2 15ml,Serum,Indeed Labs,Mid-range,19.99,Affordable,45,2,4,0.4936757624398074,1,1,1,0,0,0,0,1,1,1,0,0,0,0,1,1,0,2
Natio Advanced Lifting and Firming Serum (30ml),Serum,Natio,Budget,15.2,Affordable,17,1,1,0.1792616372391653,0,1,0,0,0,0,0,1,0,0,0,0,0,0,0,0,0,0
Holika Holika 3 Seconds Starter (Collagen),Serum,Holika Holika,Budget,12.95,Affordable,19,1,1,0.18825040128410914,0,1,0,0,0,0,0,0,0,0,0,0,0,0,0,0,1,4
REN Clean Skincare Keep Young and Beautiful Instant Firming Beauty Shot,Serum,REN,Premium,42.0,Mid-range,12,1,1,0.15678972712680578,0,0,0,0,0,0,1,0,0,0,0,0,0,0,0,0,1,3
The Organic Pharmacy Four Acid Peel Serum 30ml,Serum,The Organic Pharmacy,Premium,30.0,Mid-range,24,1,2,0.25357945425361156,1,1,0,0,0,0,0,1,0,0,0,0,0,1,0,0,0,0
Indeed Labs Snoxin Serum 2 30ml,Serum,Indeed Labs,Mid-range,24.99,Affordable,15,1,2,0.21313001605136433,1,1,0,0,0,0,0,1,0,0,0,0,0,0,1,1,0,2
Neal's Yard Remedies Beauty Sleep Concentrate 30ml,Serum,Neal's Yard Remedies,Mid-range,35.0,Mid-range,36,1,4,0.3932263242375602,1,1,0,0,0,0,0,1,1,1,0,0,0,0,1,1,0,2
L'Oreal Paris Dermo Expertise Revitalift Laser Renew Anti-ageing Triple Action Super Serum (30ml),Serum,REN,Premium,24.99,Affordable,35,4,5,0.6115890850722312,1,1,0,1,1,1,0,1,1,0,1,1,0,1,0,0,0,1
ELEMIS Pro-Collagen Definition Face and Neck Serum 30ml,Serum,Elemis,Premium,92.0,Premium,37,1,5,0.44057784911717496,1,1,0,0,0,0,0,1,1,1,0,0,0,1,1,1,0,2
Lancôme Visionnaire Serum Plus 30ml,Serum,Lancôme,Premium,57.6,Premium,27,1,2,0.2670626003210273,0,1,0,0,0,0,0,1,0,0,1,0,0,0,0,0,0,0
Aurelia Skincare Firm & Replenish Body Serum 250ml,Serum,Aurelia,Premium,38.4,Mid-range,45,4,5,0.6565329052969503,1,1,0,1,1,1,0,1,1,1,0,1,0,1,0,0,0,1
Chantecaille Vital Essence 50ml,Serum,Chantecaille,Premium,96.0,Premium,31,1,2,0.2850401284109149,0,1,0,0,0,0,0,1,1,0,0,0,0,0,0,0,0,0
Indeed Labs Pepta-Bright 30ml,Serum,Indeed Labs,Mid-range,24.99,Affordable,29,1,5,0.40462279293739967,1,1,0,0,0,0,0,1,1,1,0,0,0,1,1,1,0,2
Omorovicza Instant Perfection Serum (30ml),Serum,Omorovicza,Premium,87.0,Premium,16,1,1,0.17476725521669342,0,1,0,0,0,0,0,1,0,0,0,0,0,0,0,0,0,0
Elizabeth Arden Skin Illuminating Advanced Brightening Day Serum (30ml),Serum,Elizabeth Arden,Premium,55.0,Premium,47,5,5,0.7255216693418941,1,1,1,1,1,1,0,1,0,0,1,0,1,1,1,1,0,1
FOREO 'Serum Serum Serum' Micro-Capsule Youth Preserve,Serum,FOREO,Mid-range,49.0,Mid-range,44,2,1,0.3606099518459069,0,1,1,0,0,0,0,1,0,0,0,0,0,0,0,0,0,0
Aveda Hand Relief Night Renewal Serum 30ml,Serum,REN,Premium,27.0,Mid-range,44,4,5,0.6520385232744783,1,1,0,1,1,1,0,1,1,0,0,1,0,1,1,1,0,1
Sukin Hydration Biomarine Facial Serum 30ml,Serum,Sukin,Budget,19.95,Affordable,18,1,2,0.22661316211878008,0,1,0,0,0,0,0,1,1,0,0,0,0,0,0,0,0,0
Dermalogica Multivitamin Power Serum (22ml),Serum,Dermalogica,Premium,57.15,Premium,33,1,3,0.3368860353130016,1,1,0,0,0,0,0,1,0,1,0,0,0,0,1,1,0,2
Sarah Chapman Skinesis Skin Tone Perfecting Booster (30ml),Serum,Sarah,Premium,64.0,Premium,28,2,3,0.37441412520064205,0,1,1,0,0,0,0,1,0,1,0,0,1,0,0,0,0,0
DECLÉOR Hydra Floral White Petal Skin Perfecting Concentrate 30ml,Serum,DECLÉOR,Premium,36.4,Mid-range,25,4,4,0.5237881219903692,1,1,0,1,1,1,0,1,0,0,0,1,1,1,0,0,0,1
Darphin Dark Circle Relief and De-Puffing Eye Serum 15ml,Serum,Darphin,Premium,42.0,Mid-range,55,4,3,0.6157624398073835,1,1,0,1,1,1,0,0,1,0,0,1,0,1,0,0,0,1
Zelens Youth Concentrate Supreme Age-Defying Serum (30ml),Serum,Zelens,Premium,160.0,Luxury,39,1,4,0.40670947030497595,1,1,0,0,0,0,0,1,1,1,0,0,0,0,1,1,0,2
Darphin Hydraskin Serum 30ml,Serum,Darphin,Premium,48.0,Mid-range,36,1,1,0.26465489566613165,0,1,0,0,0,0,0,1,0,0,0,0,0,0,0,0,0,0
L'Oréal Paris Revitalift Filler + Hyaluronic Acid Replumping Serum 16ml,Serum,L'Oréal,Budget,19.99,Affordable,22,4,5,0.5531621187800962,1,1,0,1,1,1,0,1,0,1,1,1,0,1,0,0,0,1
Elizabeth Arden Prevage Advanced Daily Serum,Serum,Elizabeth Arden,Premium,180.0,Luxury,66,4,6,0.7937720706260032,1,1,0,1,1,1,0,1,1,0,1,1,0,1,1,1,0,1
L'Oréal Paris Age Perfect Nutrition Intense Supreme Repairing Serum,Serum,L'Oréal,Budget,14.99,Affordable,29,1,3,0.3189085072231139,0,1,0,0,0,0,0,1,1,1,0,0,0,0,0,0,0,0
Green People Age Defy+ Line Eraser Lip & Eye Serum (10ml),Serum,Green,Premium,27.6,Mid-range,35,4,4,0.5687319422150883,1,1,0,1,1,1,0,1,0,1,0,1,0,1,0,0,0,1
The Organic Pharmacy Stabilised Vitamin C Serum 30ml,Serum,The Organic Pharmacy,Premium,45.0,Mid-range,16,1,1,0.17476725521669342,0,1,0,0,0,0,0,1,0,0,0,0,0,0,0,0,0,0
Erno Laszlo AHA Resurfacing Sleep Serum,Serum,Erno Laszlo,Premium,95.0,Premium,25,4,4,0.5237881219903692,1,1,0,1,1,1,0,1,0,0,0,1,0,1,1,1,0,1
DHC Deep Cleansing Oil 30ml,Oil,DHC,Mid-range,5.0,Budget,8,1,1,0.13881219903691813,0,1,0,0,0,0,0,0,0,0,0,0,0,0,0,0,1,4
DHC Deep Cleansing Oil 70ml,Oil,DHC,Mid-range,12.5,Affordable,8,1,1,0.13881219903691813,0,1,0,0,0,0,0,0,0,0,0,0,0,0,0,0,1,4
DHC Deep Cleansing Oil 200ml,Oil,DHC,Mid-range,24.0,Affordable,8,1,1,0.13881219903691813,0,1,0,0,0,0,0,0,0,0,0,0,0,0,0,0,1,4
Pai Skincare Rosehip BioRegenerate Oil 30ml,Oil,Pai,Premium,24.0,Affordable,4,1,1,0.12083467094703049,0,1,0,0,0,0,0,0,0,0,0,0,0,0,0,0,1,4
Clinique Take The Day Off Cleansing Oil 200ml,Oil,Clinique,Mid-range,23.0,Affordable,12,1,3,0.24250401284109147,0,1,0,0,0,0,0,1,1,1,0,0,0,0,0,0,0,0
"The Ordinary ""B"" Oil 30ml",Oil,The Ordinary,Budget,9.0,Budget,19,1,1,0.18825040128410914,0,1,0,0,0,0,0,0,0,0,0,0,0,0,0,0,1,4
The Ordinary 100% Cold Pressed Virgin Marula Oil 30ml,Oil,The Ordinary,Budget,8.4,Budget,1,1,1,0.10735152487961475,0,1,0,0,0,0,0,0,0,0,0,0,0,0,0,0,1,4
Caudalie Make-Up Removing Cleansing Oil 150ml,Oil,Caudalie,Mid-range,18.0,Affordable,8,1,1,0.13881219903691813,0,1,0,0,0,0,0,0,0,0,0,0,0,0,0,0,1,4
NUXE Huile Prodigieuse Multi Usage Dry Oil 50ml,Oil,NUXE,Mid-range,18.5,Affordable,24,1,1,0.2107223113964687,0,1,0,0,0,0,0,0,0,0,0,0,1,0,0,0,0,0
NUXE Huile Prodigieuse Multi Usage Dry Oil 100ml,Oil,NUXE,Mid-range,29.5,Mid-range,24,1,1,0.2107223113964687,0,1,0,0,0,0,0,0,0,0,0,0,1,0,0,0,0,0
Face by Skinny Tan Moisturising Oil Drops 30ml,Oil,Face,Budget,14.99,Affordable,14,1,2,0.20863563402889246,0,1,0,0,0,0,0,1,0,1,0,0,0,0,0,0,0,0
The Ordinary 100% Organic Virgin Chia Seed Oil,Oil,The Ordinary,Budget,6.0,Budget,1,1,1,0.10735152487961475,0,0,0,0,0,0,1,0,0,0,0,0,0,0,0,0,1,3
Mama Mio The Tummy Rub Oil 120ml,Oil,Mama Mio,Mid-range,27.0,Mid-range,17,1,1,0.1792616372391653,0,1,0,0,0,0,0,0,0,1,0,0,0,0,0,0,0,0
NUXE Huile Prodigieuse Golden Shimmer Multi Usage Dry Oil 50ml,Oil,NUXE,Mid-range,22.5,Affordable,28,1,2,0.2715569823434992,0,1,0,0,0,0,0,0,0,0,1,0,1,0,0,0,0,0
"JASON Vitamin E 5,000iu Oil - All Over Body Nourishment 118ml",Oil,JASON,Budget,7.49,Budget,10,1,1,0.14780096308186194,0,1,0,0,0,0,0,0,0,0,0,0,0,0,0,0,1,4
Elizabeth Arden Eight Hour All-Over Miracle Oil (100ml),Oil,Elizabeth Arden,Premium,29.0,Mid-range,24,2,2,0.31357945425361156,0,1,0,1,0,0,0,0,0,1,0,1,0,0,0,0,0,0
Elemis Superfood Facial Oil 15ml,Oil,Elemis,Premium,45.0,Mid-range,28,1,1,0.22869983948635633,0,1,0,0,0,0,0,0,0,1,0,0,0,0,0,0,0,0
bareMinerals OIL OBSESSED Oil Cleanser,Oil,bareMinerals,Mid-range,24.0,Affordable,16,1,1,0.17476725521669342,0,1,0,0,0,0,0,0,0,0,0,0,0,0,0,0,1,4
Bondi Sands Liquid Gold Self Tanning Oil 150ml,Oil,Bondi,Budget,11.99,Affordable,23,1,2,0.24908507223113963,0,1,0,0,0,0,0,1,0,1,0,0,0,0,0,0,0,0
Indeed Labs Squalane Facial Oil 30ml,Oil,Indeed Labs,Mid-range,19.99,Affordable,1,1,1,0.10735152487961475,0,0,0,0,0,0,1,0,0,0,0,0,0,0,0,0,1,3
TanOrganic Self-Tanning Oil - Brown (100ml),Oil,TanOrganic,Mid-range,18.74,Affordable,13,1,3,0.2469983948635634,0,1,0,0,0,0,0,1,0,1,0,0,0,1,0,0,0,0
Caudalie VineActiv Overnight Detox Oil 30ml,Oil,Caudalie,Mid-range,30.0,Mid-range,16,1,1,0.17476725521669342,0,1,0,0,0,0,0,0,0,0,0,0,0,0,0,0,1,4
Mama Mio The Tummy Rub Oil 200ml,Oil,Mama Mio,Mid-range,35.0,Mid-range,17,1,1,0.1792616372391653,0,1,0,0,0,0,0,0,0,1,0,0,0,0,0,0,0,0
NUXE Sun Tanning Oil Face and Body SPF 30 (150ml),Oil,NUXE,Mid-range,19.5,Affordable,28,2,2,0.3315569823434992,0,1,0,1,0,0,0,0,0,1,0,1,0,0,0,0,0,0
Sarah Chapman Skinesis Supersize Overnight Facial Oil 30ml,Oil,Sarah,Premium,84.0,Premium,51,2,3,0.47778491171749593,1,1,1,0,0,0,0,0,1,1,0,0,0,0,1,1,0,2
"JASON Vitamin E 32,000iu Oil - Scar & Stretch Mark Treatment 30ml",Oil,JASON,Budget,9.49,Budget,1,1,1,0.10735152487961475,0,0,0,0,0,0,1,0,0,0,0,0,0,0,0,0,1,3
Bondi Sands Everyday Liquid Gold Gradual Tanning Oil 270ml,Oil,Bondi,Budget,11.19,Affordable,20,1,2,0.23560192616372388,0,1,0,0,0,0,0,1,0,1,0,0,0,0,0,0,0,0
Trilogy Certified Organic Rosehip Oil 20ml,Oil,Trilogy,Premium,19.5,Affordable,1,1,1,0.10735152487961475,0,1,0,0,0,0,0,0,0,0,0,0,0,0,0,0,1,4
Elizabeth Arden Ceramide Cleansing Face Oil (195ml),Oil,Elizabeth Arden,Premium,25.0,Affordable,9,1,1,0.14330658105939004,0,1,0,0,0,0,0,0,0,0,0,0,0,0,0,0,1,4
Trilogy Certified Organic Rosehip Oil 45ml,Oil,Trilogy,Premium,34.5,Mid-range,1,1,1,0.10735152487961475,0,1,0,0,0,0,0,0,0,0,0,0,0,0,0,0,1,4
BBB London Luscious Lash Oil 7.5ml,Oil,BBB,Mid-range,24.0,Affordable,17,2,2,0.28211878009630814,0,1,1,0,0,0,0,1,0,1,0,0,0,0,0,0,0,0
PIXI Rose Oil Blend 30ml,Oil,PIXI,Mid-range,26.0,Mid-range,8,1,1,0.13881219903691813,0,1,0,0,0,0,0,0,0,0,0,0,0,0,0,0,1,4
Sanctuary Spa Calming CBD Oil 45ml,Oil,Sanctuary Spa,Budget,12.5,Affordable,26,1,1,0.21971107544141252,0,1,0,0,0,0,0,0,0,0,0,0,0,0,0,0,1,4
Sukin Rose Hip Oil (25ml),Oil,Sukin,Budget,13.95,Affordable,1,1,1,0.10735152487961475,0,1,0,0,0,0,0,0,0,0,0,0,0,0,0,0,1,4
Sanctuary Spa 10-in-1 Super Secret Facial Oil 30ml,Oil,Sanctuary Spa,Budget,20.0,Affordable,17,1,1,0.1792616372391653,0,1,0,0,0,0,0,0,0,0,0,0,0,0,0,0,1,4
REN Clean Skincare Bio Retinoid Anti-Wrinkle Concentrate Oil,Oil,REN,Premium,47.0,Mid-range,10,1,1,0.14780096308186194,0,1,0,0,0,0,0,0,0,0,0,0,0,0,1,1,0,2
BBB London Nourishing Brow Oil 11ml,Oil,BBB,Mid-range,22.0,Affordable,6,1,1,0.1298234349919743,0,0,0,0,0,0,1,0,0,0,0,0,0,0,0,0,1,3
Sanctuary Spa Melt Away Cleansing Oil 150ml,Oil,Sanctuary Spa,Budget,12.0,Affordable,16,1,1,0.17476725521669342,0,1,0,0,0,0,0,0,0,0,0,0,0,0,0,0,1,4
DECLÉOR Aroma Nutrition Softening Dry Oil (100ml),Oil,DECLÉOR,Premium,28.0,Mid-range,9,1,1,0.14330658105939004,0,1,0,0,0,0,0,0,0,0,0,0,0,0,0,0,1,4
Elemis Pro-Collagen Marine Oil 15ml,Oil,Elemis,Premium,67.0,Premium,29,1,1,0.23319422150882824,0,1,0,0,0,0,0,0,0,1,0,0,0,0,0,0,0,0
DECLÉOR Aromessence Ylang Cananga Anti-Blemish Oil Serum,Oil,DECLÉOR,Premium,33.6,Mid-range,25,1,1,0.2152166934189406,0,1,0,0,0,0,0,0,0,1,0,0,0,0,0,0,0,0
The Chemistry Brand Glow Oil 100ml,Oil,The Chemistry Brand,Mid-range,20.0,Affordable,27,1,4,0.352776886035313,1,1,0,0,0,0,0,1,1,0,1,0,0,0,1,1,0,2
Sanctuary Spa Overnight Replenishing Miracle Oil 30ml,Oil,Sanctuary Spa,Budget,20.0,Affordable,13,1,1,0.16128410914927768,0,1,0,0,0,0,0,0,0,0,0,0,0,0,0,0,1,4
DHC Pore Cleansing Oil (150ml),Oil,DHC,Mid-range,25.0,Affordable,30,1,1,0.23768860353130014,0,1,0,0,0,0,0,1,0,0,0,0,0,0,0,0,0,0
L’Oréal Paris Extraordinary Oil Sleeping Oil Night Cream (50ml),Oil,L’Oréal,Budget,14.99,Affordable,40,1,2,0.3254895666131621,0,1,0,0,0,0,0,1,0,0,1,0,0,0,0,0,0,0
REN Clean Skincare Vita Mineral Omega 3 Optimum Skin Oil,Oil,REN,Premium,28.0,Mid-range,10,1,1,0.14780096308186194,0,1,0,0,0,0,0,0,0,0,0,0,0,0,0,0,1,4
Bondi Sands Sunscreen SPF15 Oil 150ml,Oil,Bondi,Budget,6.39,Budget,19,1,2,0.231107544141252,0,0,0,1,0,0,0,0,0,0,1,1,0,0,0,0,0,0
PIXI Jasmine Oil Blend 30ml,Oil,PIXI,Mid-range,26.0,Mid-range,27,1,1,0.22420545746388443,0,1,0,0,0,0,0,0,0,0,0,0,0,0,0,0,1,4
Freezeframe Stretch Mark Eraser 80ml,Oil,Freezeframe,Premium,31.97,Mid-range,28,1,4,0.35727126805778486,1,1,0,0,0,0,0,1,1,1,0,0,0,0,1,1,0,2
MONU Firming Fiji Facial Oil (180ml),Oil,MONU,Premium,26.95,Mid-range,10,1,1,0.14780096308186194,0,0,0,0,0,0,1,0,0,1,0,0,0,0,0,0,0,3
Bondi Sands Sunscreen SPF30 Oil 150ml,Oil,Bondi,Budget,6.39,Budget,19,1,2,0.231107544141252,0,0,0,1,0,0,0,0,0,0,1,1,0,0,0,0,0,0
L'Oréal Paris Extraordinary Oil Cream 50ml,Oil,L'Oréal,Budget,14.99,Affordable,8,1,1,0.13881219903691813,0,1,0,0,0,0,0,0,0,0,0,0,0,0,0,0,1,4
Darphin The Revitalising Oil (50ml),Oil,Darphin,Premium,25.0,Affordable,31,1,1,0.24218298555377207,0,1,0,0,0,0,0,0,1,0,0,0,0,0,0,0,0,0
Balance Me Radiance Face Oil 30ml,Oil,Balance,Mid-range,24.0,Affordable,16,1,1,0.17476725521669342,0,1,0,0,0,0,0,0,0,0,0,0,0,0,0,0,1,4
AromaWorks Rejuvenate Face Serum Oil 30ml,Oil,AromaWorks,Budget,14.99,Affordable,16,1,1,0.17476725521669342,0,1,0,0,0,0,0,0,0,0,0,0,0,0,0,0,1,4
Peter Thomas Roth Oiless Oil 100% Purified Squalane,Oil,Peter Thomas Roth,Premium,32.0,Mid-range,1,1,1,0.10735152487961475,0,0,0,0,0,0,1,0,0,0,0,0,0,0,0,0,1,3
Rodial Vitamin C Deluxe Drops 10ml,Oil,Rodial,Premium,27.0,Mid-range,23,2,1,0.2662279293739968,0,1,1,0,0,0,0,1,0,0,0,0,0,0,0,0,0,0
Aurelia Probiotic Skincare Cell Repair Night Oil 50ml,Oil,Pai,Premium,49.6,Mid-range,23,1,1,0.20622792937399678,0,1,0,0,0,0,0,0,0,0,0,0,0,0,0,0,1,4
Garnier Organic Lavandin Glow Oil 30ml,Oil,Garnier,Budget,11.99,Affordable,14,1,1,0.1657784911717496,0,1,0,0,0,0,0,0,0,0,0,0,0,0,0,0,1,4
Moroccanoil Shimmering Body Oil 50ml,Oil,Moroccanoil,Premium,37.0,Mid-range,12,1,1,0.15678972712680578,0,1,0,0,0,0,0,0,0,0,0,0,0,0,0,0,1,4
LIXIRSKIN Night Switch Essential Lipids 15ml,Oil,LIXIRSKIN,Mid-range,24.0,Affordable,20,2,2,0.2956019261637239,0,1,1,0,0,0,0,0,1,1,0,0,0,0,0,0,0,0
Trilogy Rosehip Oil Antioxidant+ 30ml,Oil,Trilogy,Premium,31.5,Mid-range,12,1,1,0.15678972712680578,0,1,0,0,0,0,0,0,0,1,0,0,0,0,0,0,0,0
Erno Laszlo Detoxifying Cleansing Oil 195ml,Oil,Erno Laszlo,Premium,55.0,Premium,20,1,1,0.19274478330658104,0,1,0,0,0,0,0,0,0,0,0,0,0,0,0,0,1,4
Manuka Doctor 24K Gold & Manuka Honey Face Oil 12ml,Oil,Manuka,Mid-range,15.99,Affordable,19,1,1,0.18825040128410914,0,1,0,0,0,0,0,0,0,0,1,0,0,0,0,0,0,0
Natio Ageless Rosehip Oil Cold Pressed 15ml,Oil,Natio,Budget,13.6,Affordable,3,1,1,0.11634028892455858,0,1,0,0,0,0,0,0,0,0,0,0,0,0,0,0,1,4
Weleda Almond Soothing Facial Oil (50ml),Oil,Weleda,Budget,18.95,Affordable,3,1,1,0.11634028892455858,0,0,0,0,0,0,1,0,0,0,0,0,0,0,0,0,1,3
Trilogy CoQ10 Booster Oil 20ml,Oil,Trilogy,Premium,31.5,Mid-range,17,1,1,0.1792616372391653,0,1,0,0,0,0,0,0,0,0,0,0,0,0,0,0,1,4
DHC Olive Virgin Oil (30ml),Oil,DHC,Mid-range,36.5,Mid-range,1,1,1,0.10735152487961475,0,1,0,0,0,0,0,0,0,0,0,0,0,0,0,0,1,4
Manuka Doctor Replenishing Facial Oil 25ml,Oil,Manuka,Mid-range,20.99,Affordable,29,1,1,0.23319422150882824,0,1,0,0,0,0,0,0,0,0,0,0,0,0,0,0,1,4
Elemis Pro-Definition Facial Oil 15ml,Oil,Elemis,Premium,67.0,Premium,25,1,1,0.2152166934189406,0,1,0,0,0,0,0,0,0,0,0,0,0,0,0,0,1,4
First Aid Beauty Ultra Repair Oat & Cannabis Sativa Seed Oil 30ml,Oil,First Aid Beauty,Mid-range,30.0,Mid-range,27,1,2,0.2670626003210273,0,1,0,0,0,0,0,1,0,1,0,0,0,0,0,0,0,0
Estée Lauder Revitalizing Supreme+ Nourishing and Hydrating Dual Phase Treatment Oil 30ml,Oil,Estée Lauder,Premium,44.1,Mid-range,46,1,4,0.4381701444622793,1,1,0,0,0,0,0,1,1,1,0,0,0,0,1,1,0,2
Bobbi Brown Extra Face Oil 30ml,Oil,Bobbi Brown,Premium,46.5,Mid-range,15,1,1,0.1702728731942215,0,1,0,0,0,0,0,0,0,0,0,0,0,0,0,0,1,4
Manuka Doctor ApiRefine Shake and Roll Lip Oil 10ml,Oil,Manuka,Mid-range,16.99,Affordable,24,1,4,0.33929373996789725,1,1,0,0,0,0,0,1,1,1,0,0,0,0,1,1,0,2
Darphin Rose Hydra-Nourishing Aromatic Care Oil 15ml,Oil,Darphin,Premium,42.0,Mid-range,38,1,1,0.27364365971107546,0,1,0,0,0,0,0,0,0,1,0,0,0,0,0,0,0,0
Rodial Pink Diamond Oil 30ml,Oil,Rodial,Premium,75.0,Premium,21,1,1,0.19723916532905297,0,0,0,0,0,0,1,0,0,0,0,0,0,0,0,0,1,3
La Roche-Posay Anthelios Anti-Shine Sun Protection Invisible SPF50+ Face Mist 75ml,Mist,La Roche-Posay,Mid-range,14.0,Affordable,28,2,3,0.37441412520064205,0,1,0,1,0,0,0,1,0,0,1,1,0,0,0,0,0,0
PIXI Glow Mist 80ml,Mist,PIXI,Mid-range,16.0,Affordable,34,5,2,0.5385232744783307,1,1,1,1,1,1,0,1,0,0,0,0,1,0,0,0,0,1
Garnier Ambre Solaire Sensitive Hydrating Hypoallergenic Face Sun Cream Mist SPF50 75ml,Mist,Garnier,Budget,6.0,Budget,34,2,3,0.40138041733547347,0,1,0,1,0,0,0,1,0,0,1,1,0,0,0,0,0,0
La Roche-Posay Toleriane Ultra 8 Face Mist 100ml,Mist,La Roche-Posay,Mid-range,19.5,Affordable,8,2,2,0.24166934189406097,0,1,1,0,0,0,0,1,0,1,0,0,0,0,0,0,0,0
Neutrogena Hydro Boost Express Hydrating Spray 200ml,Mist,Neutrogena,Budget,5.49,Budget,17,1,2,0.22211878009630814,0,1,0,0,0,0,0,1,1,0,0,0,0,0,0,0,0,0
PIXI Hydrating Milky Mist 80ml,Mist,PIXI,Mid-range,18.0,Affordable,25,2,3,0.3609309791332263,0,1,1,0,0,0,0,1,1,1,0,0,0,0,0,0,0,0
Garnier Ambre Solaire Natural Bronzer Quick Drying Dark Self Tan Face Mist 75ml,Mist,Garnier,Budget,5.0,Budget,21,1,1,0.19723916532905297,0,1,0,0,0,0,0,1,0,0,0,0,0,0,0,0,0,0
Garnier Ambre Solaire Dry Mist Fast Absorbing Sun Cream Spray SPF30 200ml,Mist,Garnier,Budget,8.0,Budget,38,1,2,0.3165008025682183,0,0,0,1,0,0,0,0,0,0,1,1,0,0,0,0,0,0
ELEMIS Superfood Kefir-Tea Mist 100ml,Mist,Elemis,Premium,26.0,Mid-range,29,1,2,0.2760513643659711,0,1,0,0,0,0,0,1,0,1,0,0,0,0,0,0,0,0
PIXI Sun Mist 80ml,Mist,PIXI,Mid-range,18.0,Affordable,22,1,4,0.3303049759229534,0,0,0,1,0,0,0,1,1,1,0,1,0,0,0,0,0,0
Omorovicza Queen Of Hungary Mist (100ml),Mist,Omorovicza,Premium,59.0,Premium,18,1,1,0.18375601926163723,0,1,0,0,0,0,0,1,0,0,0,0,0,0,0,0,0,0
Lumene Nordic Hydra Lähde Arctic Spring Water Enriched Facial Mist 50ml,Mist,Lumene,Budget,6.5,Budget,27,1,1,0.22420545746388443,0,1,0,0,0,0,0,1,0,0,0,0,0,0,0,0,0,0
Omorovicza Queen of Hungary Mist 30ml,Mist,Omorovicza,Premium,20.0,Affordable,18,1,1,0.18375601926163723,0,1,0,0,0,0,0,1,0,0,0,0,0,0,0,0,0,0
Garnier Ambre Solaire Sensitive Hypoallergenic Dry Mist Sun Cream Spray SPF50 200ml,Mist,Garnier,Budget,7.0,Budget,34,2,3,0.40138041733547347,0,1,0,1,0,0,0,1,0,0,1,1,0,0,0,0,0,0
Revolution Skincare Hyaluronic Essence Spray 100ml,Mist,Revolution,Budget,6.0,Budget,16,1,2,0.21762439807383627,0,1,0,0,0,0,0,1,0,1,0,0,0,0,0,0,0,0
NUXE Huile Prodigieuse Florale Mist 100ml,Mist,NUXE,Mid-range,29.5,Mid-range,23,1,1,0.20622792937399678,0,1,0,0,0,0,0,0,0,0,0,0,1,0,0,0,0,0
PIXI Vitamin Wakeup Mist 80ml,Mist,PIXI,Mid-range,16.0,Affordable,30,5,3,0.5634028892455858,1,1,1,1,1,1,0,1,0,1,0,0,1,0,0,0,0,1
Neal's Yard Remedies Goodnight Pillow Mist 45ml,Mist,Neal's Yard Remedies,Mid-range,15.0,Affordable,15,1,1,0.1702728731942215,0,1,0,0,0,0,0,1,0,0,0,0,0,0,0,0,0,0
Lumene Nordic Hydra [Lähde] Arctic Spring Water Enriched Facial Mist 100ml,Mist,Lumene,Budget,12.0,Affordable,26,1,1,0.21971107544141252,0,1,0,0,0,0,0,1,0,0,0,0,0,0,0,0,0,0
Lumene Nordic C Valo Glow Refresh Hydrating Mist 50ml,Mist,Lumene,Budget,9.0,Budget,17,1,1,0.1792616372391653,0,1,0,0,0,0,0,1,0,0,0,0,0,0,0,0,0,0
Elizabeth Arden Eight Hour Miracle Hydrating Mist 100ml,Mist,Elizabeth Arden,Premium,21.0,Affordable,21,1,2,0.24009630818619582,0,1,0,0,0,0,0,1,0,1,0,0,0,0,0,0,0,0
Garnier Natural Vegan Rose Soothing Hydrating Glow Mist 150ml,Mist,Garnier,Budget,5.99,Budget,12,4,3,0.42250401284109146,1,1,0,1,1,1,0,1,0,0,0,1,0,1,0,0,0,1
Dermalogica Age Smart Antioxidant Hydramist 150ml,Mist,Dermalogica,Premium,36.0,Mid-range,36,1,2,0.30751203852327447,1,1,0,0,0,0,0,1,0,0,0,0,0,0,1,1,0,2
Zelens Z Balance Prebiotic and Probiotic Facial Mist 50ml,Mist,Zelens,Premium,48.0,Mid-range,39,1,3,0.3638523274478331,0,1,0,0,0,0,0,1,0,1,0,0,0,1,0,0,0,0
Bondi Sands Self Tanning Mist 250ml - Light/Medium,Mist,Bondi,Budget,11.99,Affordable,13,1,1,0.16128410914927768,0,1,0,0,0,0,0,0,0,0,0,0,0,0,0,0,1,4
Revolution Skincare CBD Essence Spray 100ml,Mist,Revolution,Budget,6.0,Budget,17,1,2,0.22211878009630814,0,1,0,0,0,0,0,1,0,1,0,0,0,0,0,0,0,0
Peter Thomas Roth Water Drench Hydrating Toner Mist 150ml,Mist,REN,Premium,21.56,Affordable,21,1,3,0.2829534510433387,1,0,0,0,0,0,1,1,0,1,0,0,0,0,1,1,0,2
Elemis Pro-Collagen Rose Hydro-Mist 50ml,Mist,Elemis,Premium,43.0,Mid-range,38,2,3,0.41935794542536114,0,1,1,0,0,0,0,1,0,1,0,0,0,1,0,0,0,0
Chantecaille Pure Rosewater 100ml,Mist,Chantecaille,Premium,65.0,Premium,5,1,1,0.1253290529695024,0,1,0,0,0,0,0,1,0,0,0,0,0,0,0,0,0,0
Neal's Yard Remedies Frankincense Hydrating Facial Mist 45ml,Mist,Neal's Yard Remedies,Mid-range,13.0,Affordable,21,2,2,0.3000963081861958,0,1,1,0,0,0,0,1,0,1,0,0,0,0,0,0,0,0
Crystal Clear Revitalising Tonic 200ml,Mist,Crystal,Mid-range,20.99,Affordable,27,1,2,0.2670626003210273,0,1,0,0,0,0,0,1,0,1,0,0,0,0,0,0,0,0
Garnier Organic Argan Mist 150ml,Mist,Garnier,Budget,5.99,Budget,19,4,4,0.4968218298555377,1,1,0,1,1,1,0,1,0,1,0,1,0,1,0,0,0,1
Institut Esthederm Cellular Water Mist 100ml,Mist,Institut,Mid-range,18.0,Affordable,12,1,1,0.15678972712680578,0,0,0,0,0,0,1,1,0,0,0,0,0,0,0,0,0,3
Revolution Skincare x Jake Jamie Tropical Quench Essence Spray 100ml,Mist,Revolution,Budget,6.0,Budget,10,1,1,0.14780096308186194,0,1,0,0,0,0,0,1,0,0,0,0,0,0,0,0,0,0
Jurlique Rosewater Balancing Mist (100ml),Mist,Jurlique,Mid-range,30.0,Mid-range,15,1,3,0.2559871589085072,0,0,0,0,0,0,1,1,0,1,0,0,0,1,0,0,0,3
NUXE Refreshing Toning Mist 200ml,Mist,NUXE,Mid-range,15.5,Affordable,15,2,2,0.27313001605136433,0,1,1,0,0,0,0,1,0,1,0,0,0,0,0,0,0,0
Bondi Sands Self Tanning Mist 250ml - Dark,Mist,Bondi,Budget,11.99,Affordable,12,1,1,0.15678972712680578,0,1,0,0,0,0,0,0,0,0,0,0,0,0,0,0,1,4
A'kin Hydrating Mist Toner 150ml,Mist,A'kin,Budget,12.5,Affordable,12,1,1,0.15678972712680578,0,1,0,0,0,0,0,1,0,0,0,0,0,0,0,0,0,0
Jurlique Rosewater Balancing Mist 100ml,Mist,Jurlique,Mid-range,32.0,Mid-range,16,1,1,0.17476725521669342,0,1,0,0,0,0,0,1,0,0,0,0,0,0,0,0,0,0
Aveda Botanical Kinetics Toning Mist 150ml,Mist,Aveda,Mid-range,19.0,Affordable,9,1,1,0.14330658105939004,0,0,0,0,0,0,1,1,0,0,0,0,0,0,0,0,0,3
Rodial Dragon's Blood Essence 100ml,Mist,Rodial,Premium,38.0,Mid-range,23,5,4,0.5747993579454254,1,1,1,1,1,1,0,1,0,1,0,0,1,1,0,0,0,1
Origins Ginzing™ Energy-Boosting Treatment Lotion Mist 150ml,Mist,Origins,Mid-range,18.5,Affordable,39,1,3,0.3638523274478331,0,1,0,0,0,0,0,1,1,1,0,0,0,0,0,0,0,0
ULTRASUN CLEAR SPRAY SPF30 - SPORTS FORMULA (150ML),Mist,ULTRASUN,Mid-range,26.0,Mid-range,21,2,3,0.3429534510433387,0,1,0,1,0,0,0,1,0,1,0,1,0,0,0,0,0,0
Salcura Antiac Activ Liquid Spray (50ml),Mist,Salcura,Budget,10.99,Affordable,39,3,3,0.4838523274478331,0,1,0,0,1,1,0,1,1,1,0,0,0,0,0,0,0,1
Revolution Skincare Caffeine Essence Spray 100ml,Mist,Revolution,Budget,6.0,Budget,19,1,2,0.231107544141252,0,1,0,0,0,0,0,1,0,1,0,0,0,0,0,0,0,0
Sea Magik Sunsafe SPF50 Clear Spray 150ml,Mist,Sea,Budget,15.95,Affordable,16,1,2,0.21762439807383627,0,0,0,1,0,0,0,0,0,0,1,1,0,0,0,0,0,0
Pestle & Mortar Balance Facial Spritz,Mist,Pestle,Premium,28.0,Mid-range,20,1,3,0.27845906902086676,0,1,0,0,0,0,0,1,0,1,0,0,1,0,0,0,0,0
DHC Super Collagen Mist 50ml,Mist,DHC,Mid-range,20.0,Affordable,12,1,2,0.19964686998394862,1,1,0,0,0,0,0,1,0,0,0,0,0,0,1,1,0,2
Revolution Skincare Superfruit Essence Spray 100ml,Mist,Revolution,Budget,6.0,Budget,16,1,2,0.21762439807383627,0,1,0,0,0,0,0,1,0,1,0,0,0,0,0,0,0,0
Murad Prebiotic 3-in-1 MultiMist 100ml,Mist,Murad,Premium,30.0,Mid-range,30,4,2,0.460545746388443,1,1,0,1,1,1,0,1,0,0,0,0,1,0,0,0,0,1
Bloom and Blossom Rejuvenating Facial Spritz (100ml),Mist,Bloom,Budget,12.0,Affordable,14,2,2,0.26863563402889246,0,1,1,0,0,0,0,1,0,1,0,0,0,0,0,0,0,0
Zelens PROVITAMIN D Fortifying Facial Mist 50ml,Mist,Zelens,Premium,55.0,Premium,29,3,3,0.4389085072231139,0,1,0,0,1,1,0,1,1,0,0,0,0,1,0,0,0,1
Emma Hardie Plump and Glow Hydrating Mist 90ml,Mist,Emma,Premium,42.0,Mid-range,30,2,3,0.38340288924558585,0,1,1,0,0,0,0,1,0,1,1,0,0,0,0,0,0,0
Natio Refreshing Face Mist (75ml),Mist,Natio,Budget,8.4,Budget,11,1,1,0.15229534510433385,0,1,0,0,0,0,0,1,0,0,0,0,0,0,0,0,0,0
Holika Holika Good Cera Super Ceramide Mist,Mist,Holika Holika,Budget,17.95,Affordable,35,2,3,0.40587479935794546,0,1,1,0,0,0,0,1,1,1,0,0,0,0,0,0,0,0
Piz Buin After Sun Instant Relief Mist Spray,Mist,Piz,Budget,14.5,Affordable,15,1,1,0.1702728731942215,0,1,0,0,0,0,0,1,0,0,0,0,0,0,0,0,0,0
Eve Lom Face Mist 15ml,Mist,Eve,Premium,12.0,Affordable,23,3,1,0.3262279293739968,0,1,0,0,1,1,0,1,0,0,0,0,0,0,0,0,0,0
Sarah Chapman Skinesis Liquid Facial D-Stress 75ml,Mist,Sarah,Premium,42.0,Mid-range,64,2,5,0.6219261637239165,1,1,1,0,0,0,0,1,1,1,0,0,0,1,1,1,0,2
James Read Instant Bronzing Mist 200ml,Mist,James,Mid-range,25.0,Affordable,16,1,1,0.17476725521669342,0,1,0,0,0,0,0,1,0,0,0,0,0,0,0,0,0,0
Jurlique Calendula Redness Rescue Calming Mist (100ml),Mist,Jurlique,Mid-range,35.0,Mid-range,20,1,2,0.23560192616372388,0,1,0,0,0,0,0,1,0,1,0,0,0,0,0,0,0,0
Lumene Nordic C [Valo] Glow Refresh Hydrating Mist 100ml,Mist,Lumene,Budget,17.9,Affordable,17,1,1,0.1792616372391653,0,1,0,0,0,0,0,1,0,0,0,0,0,0,0,0,0,0
OSKIA SPF Vitamin Mist 100ml,Mist,OSKIA,Premium,46.0,Mid-range,31,3,4,0.4907544141252006,0,1,0,0,1,1,0,1,0,1,1,0,0,1,0,0,0,1
Holika Holika Aloe Soothing Essence 98% Mist,Mist,Holika Holika,Budget,19.95,Affordable,24,2,2,0.31357945425361156,0,1,1,0,0,0,0,1,0,1,0,0,0,0,0,0,0,0
ARK Skincare Hydrating Beauty Mist 150ml,Mist,ARK,Mid-range,25.0,Affordable,34,2,3,0.40138041733547347,0,1,1,0,0,0,0,1,0,1,0,0,0,1,0,0,0,0
BBB London Rosewater Mist 50ml,Mist,BBB,Mid-range,22.0,Affordable,18,2,3,0.32947030497592295,0,1,1,0,0,0,0,1,0,1,0,0,0,1,0,0,0,0
Natura Bissé C+C Vitamin Splash 200ml,Mist,Natura,Premium,42.0,Mid-range,28,1,1,0.22869983948635633,0,1,0,0,0,0,0,0,0,0,0,0,0,0,0,0,1,4
Laura Mercier Perfecting Water Moisture Mist 200ml,Mist,Laura,Premium,31.0,Mid-range,22,1,1,0.20173354735152485,0,1,0,0,0,0,0,1,0,0,0,0,0,0,0,0,0,0
Clinique Virtu-Oil Body Mist SPF30 144ml,Mist,Clinique,Mid-range,23.0,Affordable,13,1,3,0.2469983948635634,0,0,0,1,0,0,0,0,0,1,1,1,0,0,0,0,0,0
Mauli Supreme Skin Rose Mist,Mist,Mauli,Premium,36.0,Mid-range,8,1,1,0.13881219903691813,0,0,0,0,0,0,1,1,0,0,0,0,0,0,0,0,0,3
Avant Skincare PH Balancing & Brightening Rose Infusion Day Mist 30ml,Mist,Avant,Premium,80.0,Premium,16,1,2,0.21762439807383627,0,1,0,0,0,0,0,1,0,1,0,0,0,0,0,0,0,0
Jurlique Lavender Hydrating Mist 100ml,Mist,Jurlique,Mid-range,32.0,Mid-range,13,1,2,0.20414125200642053,0,1,0,0,0,0,0,1,0,1,0,0,0,0,0,0,0,0
Salcura Antiac Acne Clearing Spray (100ML),Mist,Salcura,Budget,16.99,Affordable,34,3,2,0.41852327447833065,0,1,0,0,1,1,0,1,1,0,0,0,0,0,0,0,0,0
Löwengrip Moisture on the go Facial Mist 100ml,Mist,Löwengrip,Mid-range,16.0,Affordable,17,5,3,0.504975922953451,1,1,1,1,1,1,0,1,0,1,0,0,1,0,0,0,0,1
Armani Prima Mist 100ml,Mist,Armani,Premium,34.0,Mid-range,22,1,2,0.2445906902086677,0,1,0,0,0,0,0,1,0,1,0,0,0,0,0,0,0,0
The Ritual of Namasté Urban Hydrating Mist 100ml,Mist,The,Mid-range,19.9,Affordable,26,1,2,0.26256821829855537,0,1,0,0,0,0,0,1,0,1,0,0,0,0,0,0,0,0
Acorelle Pure Harvest Body Perfume - 100ml,Mist,Acorelle,Budget,10.0,Budget,5,1,1,0.1253290529695024,0,1,0,0,0,0,0,1,0,0,0,0,0,0,0,0,0,0
Jurlique Lavender Hydrating Mist 50ml,Mist,Jurlique,Mid-range,23.0,Affordable,13,1,2,0.20414125200642053,0,1,0,0,0,0,0,1,0,1,0,0,0,0,0,0,0,0
Natura Bissé Tolerance Toner 200ml,Mist,Natura,Premium,46.0,Mid-range,24,2,3,0.35643659711075437,0,1,1,0,0,0,0,1,0,1,0,0,0,1,0,0,0,0
NIOD Superoxide Dismutase Saccharide Mist 240ml,Mist,NIOD,Premium,34.0,Mid-range,14,1,1,0.1657784911717496,0,1,0,0,0,0,0,1,0,0,0,0,0,0,0,0,0,0
Eve Lom Radiance Face Mist 48ml,Mist,Eve,Premium,38.0,Mid-range,23,3,1,0.3262279293739968,0,1,0,0,1,1,0,1,0,0,0,0,0,0,0,0,0,0
Clinique Take The Day Off Cleansing Balm 125ml,Balm,Clinique,Mid-range,25.0,Affordable,8,1,1,0.13881219903691813,0,0,0,0,0,0,1,0,0,0,0,0,0,0,0,0,1,3
NUXE Baume Levres Reve De Miel - Honey Lip Balm (15g),Balm,NUXE,Mid-range,10.0,Budget,25,2,1,0.2752166934189406,0,1,1,0,0,0,0,0,0,1,0,0,0,0,0,0,0,0
La Roche-Posay Cicaplast Baume B5 Soothing Repairing Balm 40ml,Balm,La Roche-Posay,Mid-range,7.5,Budget,25,4,3,0.4809309791332263,0,1,1,0,1,1,0,1,1,0,1,0,0,0,0,0,0,1
ELEMIS Pro-Collagen Rose Cleansing Balm 105g,Balm,Elemis,Premium,44.0,Mid-range,34,1,2,0.29852327447833066,0,1,0,0,0,0,0,1,1,0,0,0,0,0,0,0,0,0
Burt's Bees Beeswax Lip Balm Tube 4.25g,Balm,Burt's,Budget,3.99,Budget,10,1,1,0.14780096308186194,0,1,0,0,0,0,0,0,0,0,0,0,0,0,0,0,1,4
La Roche-Posay Cicaplast Baume B5 Soothing Repairing Balm 100ml,Balm,La Roche-Posay,Mid-range,14.0,Affordable,25,4,3,0.4809309791332263,0,1,1,0,1,1,0,1,1,0,1,0,0,0,0,0,0,1
La Roche-Posay Cicaplast Baume B5 Repairing Balm SPF 50 40ml,Balm,La Roche-Posay,Mid-range,8.0,Budget,34,2,3,0.40138041733547347,0,0,0,1,1,0,0,1,0,0,1,1,0,0,0,0,0,1
Burt's Bees Pomegranate Lip Balm Tube 4.25g,Balm,Burt's,Budget,3.99,Budget,20,1,1,0.19274478330658104,0,1,0,0,0,0,0,0,0,0,0,0,0,0,0,0,1,4
Dr. PAWPAW Outrageous Orange Balm 25ml,Balm,Dr.,Budget,4.0,Budget,9,1,2,0.1861637239165329,0,1,0,0,0,0,0,1,0,0,1,0,0,0,0,0,0,0
Lanolips 101 Ointment Multi-Balm - Coconutter 10g,Balm,Lanolips,Budget,8.99,Budget,4,1,1,0.12083467094703049,0,0,0,0,0,0,1,0,0,0,0,0,0,0,0,0,1,3
DECLÉOR Aromessence Neroli Amara Night Balm 15ml,Balm,DECLÉOR,Premium,32.2,Mid-range,21,1,1,0.19723916532905297,0,1,0,0,0,0,0,0,0,1,0,0,0,0,0,0,0,0
Burt's Bees Honey Lip Balm Tube 4.25g,Balm,Burt's,Budget,3.99,Budget,13,1,1,0.16128410914927768,0,1,0,0,0,0,0,0,0,1,0,0,0,0,0,0,0,0
AMELIORATE Intensive Lip Treatment 15ml,Balm,AMELIORATE,Mid-range,15.0,Affordable,47,2,4,0.5026645264847511,0,1,1,0,0,0,0,1,1,1,0,0,0,1,0,0,0,0
Burt's Bees Lip Balm - Ultra Conditioning 4.25g,Balm,Burt's,Budget,3.99,Budget,27,1,1,0.22420545746388443,0,1,0,0,0,0,0,0,0,1,0,0,0,0,0,0,0,0
Burt's Bees Lip Balm - Mango Lip Balm Tubes 4.25g,Balm,Burt's,Budget,3.99,Budget,14,1,1,0.1657784911717496,0,1,0,0,0,0,0,0,0,0,0,0,0,0,0,0,1,4
Maybelline Baby Lips Cherry Me,Balm,Maybelline,Budget,3.99,Budget,41,1,2,0.329983948635634,0,0,1,0,0,0,0,0,0,1,1,0,0,0,0,0,0,0
Omorovicza Perfecting Lip Balm (10ml),Balm,Omorovicza,Premium,34.0,Mid-range,33,1,2,0.2940288924558587,1,1,0,0,0,0,0,0,0,0,1,0,0,0,1,1,0,2
DECLÉOR Aromessence Ylang Ylang Night Balm 15ml,Balm,DECLÉOR,Premium,31.5,Mid-range,25,1,1,0.2152166934189406,0,1,0,0,0,0,0,0,0,1,0,0,0,0,0,0,0,0
Mama Mio Keep Calm Nipple Balm 30ml,Balm,Mama Mio,Mid-range,12.0,Affordable,11,1,1,0.15229534510433385,0,1,0,0,0,0,0,0,0,0,0,0,0,0,0,0,1,4
yes to Coconut Cleansing Balm 120g,Balm,yes,Budget,9.99,Budget,14,1,1,0.1657784911717496,0,1,0,0,0,0,0,0,0,0,0,0,0,0,0,0,1,4
Lanolips Rose Gold 101 Ointment For Lips + Cheeks 9g,Balm,Lanolips,Budget,13.0,Affordable,14,1,1,0.1657784911717496,0,1,0,0,0,0,0,0,0,0,1,0,0,0,0,0,0,0
Frank Body Lip Balm Original 15ml,Balm,Frank,Budget,6.95,Budget,17,1,1,0.1792616372391653,0,1,0,0,0,0,0,0,0,0,0,0,0,0,0,0,1,4
REN Clean Skincare Evercalm Overnight Recovery Balm 30ml,Balm,REN,Premium,40.0,Mid-range,27,1,2,0.2670626003210273,0,1,0,0,0,0,0,1,1,0,0,0,0,0,0,0,0,0
Rituals The Ritual of Sakura Hand Balm 175ml,Balm,Rituals,Budget,9.9,Budget,39,4,4,0.5867094703049759,0,1,1,0,1,1,0,1,1,1,0,0,0,1,0,0,0,1
Lanolips 101 Ointment Multi-Balm - Peach 10g,Balm,Lanolips,Budget,8.99,Budget,1,1,1,0.10735152487961475,0,0,0,0,0,0,1,0,0,0,0,0,0,0,0,0,1,3
DECLÉOR Green Mandarin Night Balm 15ml,Balm,DECLÉOR,Premium,35.0,Mid-range,24,1,1,0.2107223113964687,0,1,0,0,0,0,0,0,0,0,0,0,0,0,0,0,1,4
Weleda Lip Balm (4.8g),Balm,Weleda,Budget,4.95,Budget,14,1,1,0.1657784911717496,0,0,0,0,0,0,1,0,0,0,0,0,0,0,0,0,1,3
PIXI Rose Flash Balm 45ml,Balm,PIXI,Mid-range,26.0,Mid-range,22,1,2,0.2445906902086677,0,1,0,0,0,0,0,1,0,1,0,0,0,0,0,0,0,0
Balance Me Cleanse and Smooth Face Balm 125ml,Balm,Balance,Mid-range,16.0,Affordable,27,1,1,0.22420545746388443,0,1,0,0,0,0,0,0,0,0,0,0,0,0,0,0,1,4
First Aid Beauty Ultra Repair Intensive Lip Balm (10g),Balm,First Aid Beauty,Mid-range,16.0,Affordable,28,2,2,0.3315569823434992,0,1,1,0,0,0,0,1,0,1,0,0,0,0,0,0,0,0
Dr. PAWPAW Original Balm 100ml,Balm,Dr.,Budget,18.99,Affordable,4,1,1,0.12083467094703049,0,1,0,0,0,0,0,1,0,0,0,0,0,0,0,0,0,0
Dr Hauschka Lip Balm 4.5ml,Balm,Dr,Premium,10.5,Affordable,25,1,1,0.2152166934189406,0,1,0,0,0,0,0,0,0,1,0,0,0,0,0,0,0,0
By Terry Baume de Rose Flaconnette 7ml,Balm,By,Premium,32.5,Mid-range,41,2,3,0.4328410914927769,0,1,0,1,0,0,0,0,0,1,1,1,0,0,0,0,0,0
DECLÉOR Aromessence Magnolia Youthful Night Balm 15ml,Balm,DECLÉOR,Premium,46.2,Mid-range,26,1,1,0.21971107544141252,0,1,0,0,0,0,0,0,0,1,0,0,0,0,0,0,0,0
REN Rosa Centifolia No.1 Purity Cleansing Balm,Balm,REN,Premium,23.0,Affordable,23,1,2,0.24908507223113963,0,1,0,0,0,0,0,0,1,1,0,0,0,0,0,0,0,0
Dr. PAWPAW Hot Pink Balm 25ml,Balm,Dr.,Budget,6.95,Budget,9,1,2,0.1861637239165329,0,1,0,0,0,0,0,1,0,0,1,0,0,0,0,0,0,0
Lanolips Tinted SPF30 Balm - Red Apple 12.5g,Balm,Lanolips,Budget,8.99,Budget,22,1,2,0.2445906902086677,0,0,0,1,0,0,0,0,0,0,1,1,0,0,0,0,0,0
Spa Magik Organiks Wrinkle Therapy Moisture Melt Cleansing Balm 100ml,Balm,Spa,Budget,14.95,Affordable,21,1,1,0.19723916532905297,0,1,0,0,0,0,0,1,0,0,0,0,0,0,0,0,0,0
Uriage Xémose Anti-Itch Soothing Oil Balm 500ml,Balm,Uriage,Mid-range,20.89,Affordable,24,1,3,0.29643659711075443,0,1,0,0,0,0,0,1,1,1,0,0,0,0,0,0,0,0
benefit Dr Feelgood Velvety Complexion Balm,Balm,benefit,Mid-range,29.0,Mid-range,23,1,1,0.20622792937399678,0,0,0,0,0,0,1,0,0,1,0,0,0,0,0,0,0,3
Jurlique Rose Love Balm (15ml),Balm,Jurlique,Mid-range,12.0,Affordable,26,1,2,0.26256821829855537,0,1,0,0,0,0,0,1,1,0,0,0,0,0,0,0,0,0
Aurelia Probiotic Skincare Refine and Polish Miracle Balm 75ml,Balm,Aurelia,Premium,45.6,Mid-range,32,1,2,0.28953451043338685,0,1,0,0,0,0,0,1,1,0,0,0,0,0,0,0,0,0
Rituals The Ritual of Ayurveda Hand Balm 175ml,Balm,Rituals,Budget,9.9,Budget,38,4,4,0.582215088282504,0,1,1,0,1,1,0,1,1,1,0,0,0,1,0,0,0,1
Rodial Bee Venom Cleansing Balm 100ml,Balm,Rodial,Premium,65.0,Premium,26,4,4,0.528282504012841,1,1,0,1,1,1,0,1,0,1,0,1,0,1,0,0,0,1
Indeed Labs Watermelon Melting Balm 100ml,Balm,Indeed Labs,Mid-range,24.99,Affordable,24,1,2,0.25357945425361156,0,1,0,0,0,0,0,1,1,0,0,0,0,0,0,0,0,0
DECLÉOR Cica-Botanic Balm,Balm,DECLÉOR,Premium,24.5,Affordable,21,1,1,0.19723916532905297,0,1,0,0,0,0,0,0,0,0,0,0,0,0,0,0,1,4
OSKIA Micro Exfoliating Balm - 50ml,Balm,OSKIA,Premium,52.0,Premium,28,3,1,0.34869983948635636,0,1,0,0,1,1,0,1,0,0,0,0,0,0,0,0,0,0
Laura Mercier Infusion de Rose Lip Balm 3.4g,Balm,Laura,Premium,17.0,Affordable,16,1,1,0.17476725521669342,0,1,0,0,0,0,0,0,0,1,0,0,0,0,0,0,0,0
Oh K! SOS Soothing Facial Balm 100ml,Balm,Oh,Budget,8.0,Budget,26,4,5,0.571139646869984,0,1,1,0,1,1,0,1,1,1,1,0,0,1,0,0,0,1
By Terry Baume De Rose Nutri-Couleur Lip Balm 7g,Balm,By,Premium,36.0,Mid-range,42,1,2,0.33447833065810595,0,1,0,0,0,0,0,0,0,1,1,0,0,0,0,0,0,0
MONU Recovery Balm (50ml),Balm,MONU,Premium,32.0,Mid-range,42,2,3,0.4373354735152488,1,1,1,0,0,0,0,1,1,0,0,0,0,0,1,1,0,2
Darphin Intral Redness Relief Recovery Balm,Balm,Darphin,Premium,48.0,Mid-range,44,2,3,0.44632423756019257,0,1,1,0,0,0,0,1,1,1,0,0,0,0,0,0,0,0
Darphin Aromatic Cleansing Balm with Rosewood 125ml,Balm,Darphin,Premium,75.0,Premium,26,1,3,0.30542536115569824,0,1,0,0,0,0,0,1,1,1,0,0,0,0,0,0,0,0
Holika Holika Good Cera Super Ceramide Moisture Balm 40ml,Balm,Holika Holika,Budget,21.95,Affordable,45,2,3,0.45081861958266456,0,1,1,0,0,0,0,1,1,1,0,0,0,0,0,0,0,0
Garnier Organic Argan Rescue Balm 50ml,Balm,Garnier,Budget,9.99,Budget,25,4,4,0.5237881219903692,1,1,0,1,1,1,0,1,1,0,0,1,0,1,0,0,0,1
Menaji Lip Balm Agent (0.15oz./4.2g),Balm,Menaji,Budget,4.33,Budget,9,1,1,0.14330658105939004,0,1,0,0,0,0,0,0,0,0,0,0,0,0,0,0,1,4
MONUPLUS Beauty Balm (50ml),Balm,MONUPLUS,Premium,39.95,Mid-range,31,1,2,0.2850401284109149,0,1,0,0,0,0,0,1,1,0,0,0,0,0,0,0,0,0
The Ritual of Namasté Restoring Night Balm 50ml,Balm,The,Mid-range,39.9,Mid-range,36,2,2,0.36751203852327446,0,1,1,0,0,0,0,1,0,1,0,0,0,0,0,0,0,0
yes to Cucumbers Exfoliating Cleansing Balm 120g,Balm,yes,Budget,9.99,Budget,22,1,1,0.20173354735152485,0,1,0,0,0,0,0,0,0,0,0,0,0,0,0,0,1,4
Clinique Superbalm Lip Treatment 7ml,Balm,Clinique,Mid-range,14.0,Affordable,25,1,2,0.25807383627608343,0,0,0,0,0,0,1,1,1,0,0,0,0,0,0,0,0,3
Alchimie Forever Dry Skin Balm,Balm,Alchimie,Mid-range,17.85,Affordable,24,1,3,0.29643659711075443,0,1,0,0,0,0,0,1,1,1,0,0,0,0,0,0,0,0
Garnier Hyaluronic Acid and Orange Juice Hydrating Brightening Eye Sheet Mask 6g,Mask,Garnier,Budget,2.99,Budget,19,1,2,0.231107544141252,0,1,0,0,0,0,0,1,0,1,0,0,0,0,0,0,0,0
APIVITA Express Moisturizing & Soothing Face Mask - Prickly Pear 2x8ml,Mask,APIVITA,Budget,5.5,Budget,37,2,2,0.37200642054574634,0,1,1,0,0,0,0,1,0,1,0,0,0,0,0,0,0,0
PIXI PLUMP Collagen Boost Sheet Mask (Pack of 3),Mask,PIXI,Mid-range,10.0,Budget,43,1,3,0.3818298555377207,1,1,0,0,0,0,0,1,1,0,0,0,0,0,1,1,0,2
Benton Aloe Soothing Mask Pack -1 Ea,Mask,Benton,Budget,2.0,Budget,17,1,1,0.1792616372391653,0,1,0,0,0,0,0,1,0,0,0,0,0,0,0,0,0,0
Holika Holika Pure Essence Mask Sheet - Cucumber,Mask,Holika Holika,Budget,1.95,Budget,23,2,2,0.3090850722311396,0,1,1,0,0,0,0,1,0,1,0,0,0,0,0,0,0,0
Holika Holika Pure Essence Mask Sheet - Avocado,Mask,Holika Holika,Budget,1.95,Budget,28,2,2,0.3315569823434992,0,1,1,0,0,0,0,1,0,1,0,0,0,0,0,0,0,0
Antipodes Aura Manuka Honey Mask 75ml,Mask,Antipodes,Premium,26.99,Mid-range,18,1,2,0.22661316211878008,0,1,0,0,0,0,0,1,1,0,0,0,0,0,0,0,0,0
Garnier Moisture Bomb Green Tea Hydrating Face Sheet Mask for Combination Skin 32g,Mask,Natio,Budget,2.99,Budget,21,1,2,0.24009630818619582,0,1,0,0,0,0,0,1,0,1,0,0,0,0,0,0,0,0
Holika Holika Pure Essence Mask Sheet - Pearl,Mask,Holika Holika,Budget,1.95,Budget,27,5,3,0.5499197431781702,1,1,1,1,1,1,0,1,0,1,0,0,1,0,0,0,0,1
Holika Holika Pure Essence Mask Sheet - Charcoal,Mask,Holika Holika,Budget,1.95,Budget,24,2,2,0.31357945425361156,0,1,1,0,0,0,0,1,0,1,0,0,0,0,0,0,0,0
Garnier Hyaluronic Acid and Coconut Water Hydrating Replumping Eye Sheet Mask 6g,Mask,Garnier,Budget,2.99,Budget,19,1,2,0.231107544141252,0,1,0,0,0,0,0,1,0,1,0,0,0,0,0,0,0,0
Ambre Solaire After Sun Cooling Hyaluronic Acid Face Sheet Mask 32g,Mask,Ambre,Budget,2.5,Budget,22,1,2,0.2445906902086677,0,1,0,0,0,0,0,1,0,1,0,0,0,0,0,0,0,0
REN Clean Skincare Glycol Lactic Radiance Mask,Mask,REN,Premium,36.0,Mid-range,28,1,2,0.2715569823434992,0,1,0,0,0,0,0,1,0,0,0,0,0,1,0,0,0,0
NARS Cosmetics Aqua Gel Luminous Mask,Mask,NARS,Premium,31.0,Mid-range,43,1,2,0.3389727126805778,0,1,0,0,0,0,0,1,0,0,1,0,0,0,0,0,0,0
Garnier Moisture Bomb Camomile Hydrating Face Sheet Mask for Dry and Sensitive Skin 32g,Mask,Garnier,Budget,2.99,Budget,21,1,2,0.24009630818619582,0,1,0,0,0,0,0,1,0,1,0,0,0,0,0,0,0,0
Holika Holika Pure Essence Mask Sheet - Strawberry,Mask,Holika Holika,Budget,1.95,Budget,26,2,2,0.32256821829855536,0,1,1,0,0,0,0,1,0,1,0,0,0,0,0,0,0,0
La Roche-Posay Effaclar Clay Mask 100ml,Mask,La Roche-Posay,Mid-range,14.0,Affordable,19,2,3,0.3339646869983949,0,1,1,0,0,0,0,1,1,0,1,0,0,0,0,0,0,0
APIVITA Express Intense Moisturizing Face Mask - Cucumber 2x8ml,Mask,APIVITA,Budget,4.0,Budget,41,2,2,0.389983948635634,0,1,1,0,0,0,0,1,0,1,0,0,0,0,0,0,0,0
APIVITA Express Moisturizing Face Mask - Sea Lavender 2x8ml,Mask,APIVITA,Budget,4.0,Budget,42,2,2,0.39447833065810595,0,1,1,0,0,0,0,1,0,1,0,0,0,0,0,0,0,0
APIVITA Express Radiance Face Mask - Orange 2x8ml,Mask,APIVITA,Budget,4.0,Budget,40,2,2,0.3854895666131621,0,1,1,0,0,0,0,1,0,1,0,0,0,0,0,0,0,0
Holika Holika Pure Essence Mask Sheet - Damask Rose,Mask,Holika Holika,Budget,1.95,Budget,23,2,2,0.3090850722311396,0,1,1,0,0,0,0,1,0,1,0,0,0,0,0,0,0,0
Garnier Moisture Bomb Lavender Hydrating Face Sheet Mask for Fatigued Skin 32g,Mask,Garnier,Budget,2.99,Budget,19,1,1,0.18825040128410914,0,1,0,0,0,0,0,1,0,0,0,0,0,0,0,0,0,0
Holika Holika Baby Silky Foot Mask Sheet,Mask,Holika Holika,Budget,3.95,Budget,38,4,5,0.6250722311396468,1,1,0,1,1,1,0,1,1,1,0,1,0,1,0,0,0,1
Oh K! Peeling Foot Mask 20ml,Mask,Oh,Budget,8.5,Budget,19,4,3,0.4539646869983949,1,1,0,1,1,1,0,1,0,0,0,1,0,1,0,0,0,1
Garnier Moisture Bomb Sakura Hydrating Face Sheet Mask for Dull Skin 32g,Mask,Garnier,Budget,2.99,Budget,20,1,1,0.19274478330658104,0,1,0,0,0,0,0,1,0,0,0,0,0,0,0,0,0,0
Garnier Charcoal and Algae Purifying and Hydrating Face Sheet Mask for Enlarged Pores 28g,Mask,Garnier,Budget,2.99,Budget,23,4,4,0.5147993579454253,1,1,0,1,1,1,0,1,0,1,0,1,0,1,0,0,0,1
BeautyPro Brightening Collagen Sheet Mask with Vitamin C,Mask,BeautyPro,Budget,4.95,Budget,11,1,3,0.23800963081861956,0,0,0,0,0,0,1,1,0,1,0,0,1,0,0,0,0,3
AHAVA Single Use 24K Gold Mineral Mud Mask 6ml,Mask,AHAVA,Budget,2.36,Budget,42,5,5,0.7030497592295345,1,1,1,1,1,1,0,1,0,1,1,0,1,1,0,0,0,1
APIVITA Express Detox Face Mask - Pumpkin 2x8ml,Mask,APIVITA,Budget,4.0,Budget,37,2,2,0.37200642054574634,0,1,1,0,0,0,0,1,0,0,1,0,0,0,0,0,0,0
First Aid Beauty Ultra Repair Instant Oatmeal Mask (56.7g),Mask,First Aid Beauty,Mid-range,20.0,Affordable,34,1,3,0.34138041733547353,0,1,0,0,0,0,0,1,1,1,0,0,0,0,0,0,0,0
Holika Holika Pure Essence Mask Sheet - Acai Berry,Mask,Holika Holika,Budget,1.95,Budget,26,2,2,0.32256821829855536,0,1,1,0,0,0,0,1,0,1,0,0,0,0,0,0,0,0
Caudalie Instant Detox Mask (75ml),Mask,Caudalie,Mid-range,22.0,Affordable,31,1,3,0.3278972712680578,0,1,0,0,0,0,0,1,0,1,0,0,0,1,0,0,0,0
Dermalogica Age Smart Multivitamin Power Recovery Masque 75ml,Mask,Dermalogica,Premium,44.55,Mid-range,48,2,4,0.5071589085072231,0,1,1,0,0,0,0,1,1,1,0,0,0,1,0,0,0,0
Garnier Fresh-Mix Brightening Face Sheet Shot Mask with Vitamin C 33g,Mask,Garnier,Budget,3.99,Budget,12,1,1,0.15678972712680578,0,1,0,0,0,0,0,1,0,0,0,0,0,0,0,0,0,0
Holika Holika Pure Essence Mask Sheet - Lemon,Mask,Holika Holika,Budget,1.95,Budget,24,2,2,0.31357945425361156,0,1,1,0,0,0,0,1,0,1,0,0,0,0,0,0,0,0
APIVITA Express Radiance Face Mask - Pomegranate 2x8ml,Mask,APIVITA,Budget,4.0,Budget,45,2,2,0.4079614767255217,0,1,1,0,0,0,0,1,0,0,1,0,0,0,0,0,0,0
"Dear, Klairs Rich Moist Soothing Tencel Sheet Mask 25ml",Mask,"Dear,",Budget,3.0,Budget,32,2,3,0.3923916532905297,0,1,1,0,0,0,0,1,1,1,0,0,0,0,0,0,0,0
Clinique Moisture Surge Overnight Mask 100ml,Mask,Clinique,Mid-range,32.0,Mid-range,41,2,3,0.4328410914927769,0,1,1,0,0,0,0,1,1,1,0,0,0,0,0,0,0,0
APIVITA Express Deep Cleansing Face Mask - Green Clay 2x8ml,Mask,APIVITA,Budget,4.0,Budget,38,1,2,0.3165008025682183,0,1,0,0,0,0,0,1,0,0,1,0,0,0,0,0,0,0
BeautyPro Detoxifying Foaming Cleansing Sheet Mask with Activated Charcoal,Mask,BeautyPro,Budget,4.95,Budget,12,1,1,0.15678972712680578,0,0,0,0,0,0,1,0,0,1,0,0,0,0,0,0,0,3
GLAMGLOW Supermud Mask 15g,Mask,GLAMGLOW,Premium,16.0,Affordable,37,4,4,0.577720706260032,1,1,0,1,1,1,0,1,0,1,0,1,0,1,0,0,0,1
Garnier Fresh-Mix Replumping Face Sheet Shot Mask with Hyaluronic Acid 33g,Mask,Garnier,Budget,3.99,Budget,13,1,1,0.16128410914927768,0,1,0,0,0,0,0,1,0,0,0,0,0,0,0,0,0,0
"Dear, Klairs Midnight Blue Calming Sheet Mask 25ml",Mask,"Dear,",Budget,3.0,Budget,21,2,2,0.3000963081861958,0,1,1,0,0,0,0,1,0,1,0,0,0,0,0,0,0,0
AHAVA Single Use Overnight Deep Wrinkle Mask 6ml,Mask,AHAVA,Budget,2.36,Budget,35,5,4,0.6287319422150882,1,1,1,1,1,1,0,1,0,1,0,0,1,0,1,1,0,1
Estée Lauder Perfectly Clean Foam Cleanser/Purifying Mask 150ml,Mask,Estée Lauder,Premium,21.6,Affordable,23,3,1,0.3262279293739968,0,1,0,0,1,1,0,1,0,0,0,0,0,0,0,0,0,0
Origins Original Skin Retexturizing Mask with Rose Clay 75ml,Mask,Origins,Mid-range,22.0,Affordable,41,1,2,0.329983948635634,0,1,0,0,0,0,0,1,0,0,1,0,0,0,0,0,0,0
APIVITA Express Moisturizing Face Mask - Aloe 2 x 8ml,Mask,APIVITA,Budget,4.0,Budget,39,2,2,0.3809951845906902,0,1,1,0,0,0,0,1,0,1,0,0,0,0,0,0,0,0
AHAVA Single Use Brightening & Hydration Mask 6ml,Mask,AHAVA,Budget,2.36,Budget,39,5,5,0.6895666131621188,1,1,1,1,1,1,0,1,0,1,1,0,1,1,0,0,0,1
NIP+FAB Teen Skin Fix Salicylic Acid Sheet Mask,Mask,NIP+FAB,Budget,5.5,Budget,44,4,5,0.6520385232744783,1,1,0,1,1,1,0,1,0,1,0,1,0,1,1,1,0,1
Neutrogena Hydro Boost Hydrogel Recovery Mask 30ml,Mask,Neutrogena,Budget,5.49,Budget,18,1,2,0.22661316211878008,0,1,0,0,0,0,0,1,0,1,0,0,0,0,0,0,0,0
Garnier Moisture Bomb Deep Sea Water & Hyaluronic Acid Night-Time Eye Tissue Mask 6g,Mask,Garnier,Budget,2.99,Budget,24,1,1,0.2107223113964687,0,1,0,0,0,0,0,1,0,0,0,0,0,0,0,0,0,0
OSKIA Renaissance Mask (50ml),Mask,REN,Premium,60.0,Premium,30,1,3,0.32340288924558586,0,1,0,0,0,0,0,1,1,0,0,0,0,1,0,0,0,0
APIVITA Express Firming Face Mask - Royal Jelly 2x8ml,Mask,APIVITA,Budget,5.5,Budget,40,2,1,0.34263242375601927,0,1,1,0,0,0,0,1,0,0,0,0,0,0,0,0,0,0
PIXI Glow Mud Mask 30ml,Mask,PIXI,Mid-range,18.0,Affordable,28,1,2,0.2715569823434992,0,1,0,0,0,0,0,1,1,0,0,0,0,0,0,0,0,0
Clinique Moisture Surge Overnight Mask 15ml,Mask,Clinique,Mid-range,7.0,Budget,41,2,3,0.4328410914927769,0,1,1,0,0,0,0,1,1,1,0,0,0,0,0,0,0,0
NIP+FAB Glycolic Fix Extreme Bubble Mask 23g,Mask,NIP+FAB,Budget,7.0,Budget,32,2,4,0.43524879614767253,1,1,1,0,0,0,0,1,0,1,0,0,1,1,0,0,0,0
Aesop Chamomile Concentrate Anti-Blemish Mask 60ml,Mask,Aesop,Premium,31.0,Mid-range,16,1,1,0.17476725521669342,0,1,0,0,0,0,0,1,0,0,0,0,0,0,0,0,0,0
L'Oréal Paris Pure Clay Detox Face Mask 50ml,Mask,L'Oréal,Budget,7.99,Budget,22,3,1,0.3217335473515249,0,1,0,0,1,1,0,1,0,0,0,0,0,0,0,0,0,0
Origins Clear Improvement Active Charcoal Mask to Clear Pores 75ml,Mask,Origins,Mid-range,22.0,Affordable,22,1,1,0.20173354735152485,0,1,0,0,0,0,0,1,0,0,0,0,0,0,0,0,0,0
Peter Thomas Roth Cucumber Gel Mask 14ml,Mask,Peter Thomas Roth,Premium,6.72,Budget,28,2,2,0.3315569823434992,0,1,1,0,0,0,0,1,0,1,0,0,0,0,0,0,0,0
APIVITA Express Purifying Face Mask for Oily Skin - Propolis 2x8ml,Mask,APIVITA,Budget,4.0,Budget,36,4,2,0.48751203852327446,0,1,1,0,1,1,0,1,0,1,0,0,0,0,0,0,0,1
COSRX Ultimate Nourishing Rice Overnight Spa Mask 60ml,Mask,COSRX,Mid-range,23.0,Affordable,19,5,4,0.5568218298555376,1,1,1,1,1,1,0,1,1,1,0,0,1,0,0,0,0,1
REN Clean Skincare Evercalm Ultra Comforting Rescue Mask,Mask,REN,Premium,32.0,Mid-range,40,2,2,0.3854895666131621,0,1,1,0,0,0,0,1,1,0,0,0,0,0,0,0,0,0
Erno Laszlo Multi-Task Eye Serum Mask (6 Pack),Mask,Erno Laszlo,Premium,35.0,Mid-range,20,5,3,0.5184590690208668,1,1,1,1,1,1,0,1,0,1,0,0,1,0,0,0,0,1
Holika Holika Baby Silky Hand Mask Sheet,Mask,Holika Holika,Budget,3.95,Budget,37,4,5,0.620577849117175,1,1,0,1,1,1,0,1,1,1,0,1,0,1,0,0,0,1
Avène Soothing Radiance Mask 50ml,Mask,Avène,Budget,13.0,Affordable,25,1,1,0.2152166934189406,0,1,0,0,0,0,0,0,0,1,0,0,0,0,0,0,0,0
BARBER PRO Face Putty Black Peel-Off Mask with Activated Charcoal (3 Applications),Mask,BARBER,Budget,4.95,Budget,32,1,2,0.28953451043338685,0,1,0,0,0,0,0,1,0,1,0,0,0,0,0,0,0,0
Garnier Ultralift Anti Ageing Radiance Boosting Face Sheet Mask 32g,Mask,Garnier,Budget,3.99,Budget,15,1,1,0.1702728731942215,0,1,0,0,0,0,0,1,0,0,0,0,0,0,0,0,0,0
FOREO UFO Activated Masks - Call It a Night (7 Pack),Mask,FOREO,Mid-range,9.99,Budget,18,2,1,0.24375601926163723,0,1,1,0,0,0,0,1,0,0,0,0,0,0,0,0,0,0
Peter Thomas Roth Cucumber Gel Mask 150ml,Mask,Peter Thomas Roth,Premium,41.6,Mid-range,25,2,2,0.31807383627608343,0,1,1,0,0,0,0,1,0,1,0,0,0,0,0,0,0,0
Peter Thomas Roth Cucumber Hydra-Gel Eye Masks 60 masks,Mask,Peter Thomas Roth,Premium,41.0,Mid-range,32,5,3,0.5723916532905297,1,1,1,1,1,1,0,1,0,1,0,0,1,0,0,0,0,1
APIVITA Express Moisturizing Face Mask - Honey 2x8ml,Mask,APIVITA,Budget,4.0,Budget,37,2,1,0.3291492776886035,0,1,1,0,0,0,0,1,0,0,0,0,0,0,0,0,0,0
Neutrogena Radiance Boost Hydrogel Recovery Mask 30ml,Mask,Neutrogena,Budget,3.5,Budget,25,4,3,0.4809309791332263,1,1,0,1,1,1,0,1,0,1,0,0,1,0,0,0,0,1
Chantecaille Bio Lift Mask - 50ml,Mask,Chantecaille,Premium,148.0,Luxury,49,2,6,0.5973675762439807,1,1,1,0,0,0,0,1,1,1,1,0,1,0,1,1,0,2
Rodial Dragon's Blood Eye Mask Single,Mask,Rodial,Premium,6.0,Budget,25,2,2,0.31807383627608343,0,1,1,0,0,0,0,1,0,1,0,0,0,0,0,0,0,0
BeautyPro CBD Oil Infused Sheet Mask 22ml,Mask,BeautyPro,Budget,5.95,Budget,13,1,1,0.16128410914927768,0,1,0,0,0,0,0,1,0,0,0,0,0,0,0,0,0,0
Origins Out of Trouble 10 Minute Mask to Rescue Problem Skin 75ml,Mask,Origins,Mid-range,22.0,Affordable,17,4,5,0.5306902086677368,1,1,0,1,1,1,0,1,1,0,1,1,0,1,0,0,0,1
Dr.Jart+ Cicapair Tiger Grass Calming Mask,Mask,Dr.Jart+,Mid-range,5.5,Budget,37,5,3,0.5948635634028893,1,1,1,1,1,1,0,1,0,1,0,0,1,0,0,0,0,1
Lancôme Génifique Hydrogel Sheet Mask (1 Mask),Mask,Lancôme,Premium,16.2,Affordable,19,1,2,0.231107544141252,0,1,0,0,0,0,0,1,0,1,0,0,0,0,0,0,0,0
Holika Holika Skin Rescuer Mask Sheet - Collagen,Mask,Holika Holika,Budget,3.95,Budget,32,2,4,0.43524879614767253,1,1,1,0,0,0,0,1,1,1,0,0,0,0,1,1,0,2
AHAVA Single Use Clearing Mask 6ml,Mask,AHAVA,Budget,2.36,Budget,34,2,3,0.40138041733547347,0,1,1,0,0,0,0,1,0,1,1,0,0,0,0,0,0,0
FARMACY Honey Potion Renewing Antioxidant Hydration Mask,Mask,REN,Premium,36.0,Mid-range,16,2,2,0.27762439807383626,0,1,1,0,0,0,0,1,0,1,0,0,0,0,0,0,0,0
Liz Earle Deep Cleansing Mask 75ml,Mask,Liz Earle,Mid-range,19.0,Affordable,20,1,1,0.19274478330658104,0,1,0,0,0,0,0,1,0,0,0,0,0,0,0,0,0,0
Vichy Quenching Mineral Mask Duo Sachet 2 x 6ml,Mask,VICHY,Mid-range,3.0,Budget,18,4,2,0.40661316211878007,1,1,0,1,1,1,0,1,0,0,0,0,1,0,0,0,0,1
AHAVA Single Use Mud Mask 8ml,Mask,AHAVA,Budget,2.36,Budget,40,4,5,0.6340609951845907,0,1,1,0,1,1,0,1,1,1,1,0,0,1,0,0,0,1
Sanctuary Spa Charcoal Bubble Sheet Mask 22g,Mask,Sanctuary Spa,Budget,5.0,Budget,37,2,2,0.37200642054574634,0,1,1,0,0,0,0,1,0,1,0,0,0,0,0,0,0,0
MAGICSTRIPES Lifting Collagen Mask (1 Mask),Mask,MAGICSTRIPES,Budget,8.0,Budget,9,1,2,0.1861637239165329,0,1,0,0,0,0,0,1,0,0,0,0,1,0,0,0,0,0
NIOD Voicemail Masque 50ml,Mask,NIOD,Premium,30.0,Mid-range,27,1,2,0.2670626003210273,0,1,0,0,0,0,0,1,0,1,0,0,0,0,0,0,0,0
NIP+FAB Retinol Fix Sheet Mask 10g,Mask,NIP+FAB,Budget,7.95,Budget,35,2,4,0.4487319422150883,1,1,1,0,0,0,0,1,1,1,0,0,0,0,1,1,0,2
Origins Clear Improvement Charcoal Honey Mask to Purify and Nourish 75ml,Mask,Origins,Mid-range,30.0,Mid-range,46,1,3,0.39531300160513644,0,1,0,0,0,0,0,1,0,1,1,0,0,0,0,0,0,0
Filorga Hydra-Filler Mask 23g,Mask,Filorga,Mid-range,10.0,Budget,18,4,3,0.44947030497592294,1,1,0,1,1,1,0,1,0,1,0,0,1,0,0,0,0,1
Bulldog Oil Control Face Mask 100ml,Mask,Bulldog,Budget,4.5,Budget,19,1,2,0.231107544141252,0,1,0,0,0,0,0,1,0,1,0,0,0,0,0,0,0,0
MAGICSTRIPES Chin & Cheek Lifting Mask (1 Mask),Mask,MAGICSTRIPES,Budget,10.0,Budget,9,1,2,0.1861637239165329,0,1,0,0,0,0,0,1,0,0,0,0,1,0,0,0,0,0
Neutrogena Purifying Boost Hydrogel Recovery Mask 30ml,Mask,Neutrogena,Budget,3.99,Budget,24,1,2,0.25357945425361156,0,1,0,0,0,0,0,1,0,1,0,0,0,0,0,0,0,0
APIVITA Express Line Reducing Face Mask - Grape 2x8ml,Mask,APIVITA,Budget,4.0,Budget,49,2,4,0.511653290529695,0,1,1,0,0,0,0,1,1,1,1,0,0,0,0,0,0,0
PIXI Collagen Plumping Mask 45ml,Mask,PIXI,Mid-range,18.0,Affordable,39,2,4,0.4667094703049759,1,1,1,0,0,0,0,1,1,1,0,0,0,0,1,1,0,2
FOREO UFO Activated Masks - Make My Day (7 Pack),Mask,FOREO,Mid-range,9.99,Budget,16,2,2,0.27762439807383626,0,1,1,0,0,0,0,1,1,0,0,0,0,0,0,0,0,0
Elemis Pro-Collagen Hydra-Gel Eye Mask (Pack of 6),Mask,Elemis,Premium,52.0,Premium,25,2,1,0.2752166934189406,0,1,1,0,0,0,0,1,0,0,0,0,0,0,0,0,0,0
REN Clean Skincare Clarimatte Invisible Pores Detox Mask,Mask,REN,Premium,28.0,Mid-range,26,1,3,0.30542536115569824,0,1,0,0,0,0,0,1,1,0,0,0,0,1,0,0,0,0
Eve Lom Rescue Mask (100ml),Mask,Eve,Premium,55.0,Premium,12,1,2,0.19964686998394862,0,1,0,0,0,0,0,1,0,1,0,0,0,0,0,0,0,0
GLAMGLOW Supermud Mask 50g,Mask,GLAMGLOW,Premium,44.0,Mid-range,37,4,4,0.577720706260032,1,1,0,1,1,1,0,1,0,1,0,1,0,1,0,0,0,1
BeautyPro Nourishing Collagen Sheet Mask with Olive Extract,Mask,BeautyPro,Budget,4.95,Budget,24,1,1,0.2107223113964687,0,1,0,0,0,0,0,1,0,0,0,0,0,0,0,0,0,0
Oh K! Chok Chok Smoothing Undereye Mask 2 x 1.5g,Mask,Oh,Budget,4.25,Budget,29,5,4,0.6017656500802567,1,1,1,1,1,1,0,1,0,1,1,0,1,0,0,0,0,1
AHAVA Purifying Mud Mask 100ml,Mask,AHAVA,Budget,28.99,Mid-range,40,4,5,0.6340609951845907,0,1,1,0,1,1,0,1,1,1,1,0,0,1,0,0,0,1
BeautyPro THERMOTHERAPY Warming Gold Foil Mask 30g,Mask,BeautyPro,Budget,5.95,Budget,25,2,1,0.2752166934189406,0,1,1,0,0,0,0,1,0,0,0,0,0,0,0,0,0,0
L'Oréal Paris Pure Clay Blemish Rescue Face Mask 50ml,Mask,L'Oréal,Budget,7.99,Budget,26,3,4,0.4682825040128411,0,1,0,0,1,1,0,1,1,1,1,0,0,0,0,0,0,1
Garnier Pure Active Anti Blackhead Charcoal Mask Peel Off,Mask,Garnier,Budget,7.99,Budget,17,4,3,0.444975922953451,1,1,0,1,1,1,0,1,0,0,0,1,0,1,0,0,0,1
Chantecaille Jasmine & Lily Healing Mask,Mask,Chantecaille,Premium,75.0,Premium,39,2,5,0.5095666131621188,0,1,1,0,0,0,0,1,1,1,1,0,1,0,0,0,0,0
Omorovicza Deep Cleansing Mask (50ml),Mask,Omorovicza,Premium,72.0,Premium,21,3,3,0.4029534510433387,0,1,0,0,1,1,0,1,1,0,1,0,0,0,0,0,0,1
Sukin Oil Balancing + Charcoal Anti-Pollution Facial Masque 100ml,Mask,Sukin,Budget,11.95,Affordable,35,1,2,0.3030176565008026,0,1,0,0,0,0,0,1,1,0,0,0,0,0,0,0,0,0
La Roche-Posay Hydraphase Intense Masque 50ml,Mask,La Roche-Posay,Mid-range,18.0,Affordable,9,1,2,0.1861637239165329,0,1,0,0,0,0,0,1,1,0,0,0,0,0,0,0,0,0
Peter Thomas Roth Pumpkin Enzyme Mask 150ml,Mask,Peter Thomas Roth,Premium,50.0,Mid-range,20,1,3,0.27845906902086676,0,1,0,0,0,0,0,1,0,1,0,0,1,0,0,0,0,0
AHAVA Single Use Hydration Cream Mask 8ml,Mask,AHAVA,Budget,2.36,Budget,39,1,3,0.3638523274478331,0,1,0,0,0,0,0,1,1,0,0,0,0,1,0,0,0,0
Sanctuary Spa 5 Minute Thermal Charcoal Detox Mask 75ml,Mask,Sanctuary Spa,Budget,10.0,Budget,14,1,3,0.25149277688603533,0,1,0,0,0,0,0,1,1,0,1,0,0,0,0,0,0,0
Shiseido Benefiance Pure Retinol Express Smoothing Eye Mask x 12 Sachets,Mask,Shiseido,Premium,62.0,Premium,35,1,4,0.3887319422150883,1,1,0,0,0,0,0,1,1,1,0,0,0,0,1,1,0,2
Murad Pore Extractor Pomegranate Mask,Mask,Murad,Premium,30.0,Mid-range,36,1,4,0.3932263242375602,0,1,0,0,0,0,0,1,1,0,1,0,0,1,0,0,0,0
Holika Holika Skin Rescuer Mask Sheet - Vita C,Mask,Holika Holika,Budget,3.95,Budget,23,5,3,0.5319422150882824,1,1,1,1,1,1,0,1,0,1,0,0,1,0,0,0,0,1
BARBER PRO Gentlemen's Sheet Mask Rejuvenating and Hydrating with Anti-Ageing Collagen,Mask,BARBER,Budget,4.95,Budget,24,1,1,0.2107223113964687,0,1,0,0,0,0,0,1,0,0,0,0,0,0,0,0,0,0
APIVITA Moisturizing Face Mask - Aloe 50ml,Mask,APIVITA,Budget,12.3,Affordable,35,2,2,0.3630176565008026,0,1,1,0,0,0,0,1,0,1,0,0,0,0,0,0,0,0
Project Lip Mask,Mask,Project,Budget,3.95,Budget,35,2,5,0.4915890850722312,1,1,1,0,0,0,0,1,1,1,1,0,0,0,1,1,0,2
AHAVA Uplifting & Firming Sheet Mask,Mask,AHAVA,Budget,6.3,Budget,22,2,2,0.3045906902086677,0,1,1,0,0,0,0,1,0,1,0,0,0,0,0,0,0,0
Antipodes Halo Skin Brightening Facial Mud Mask 75g,Mask,Antipodes,Premium,26.99,Mid-range,34,3,5,0.5470947030497593,0,1,0,0,1,1,0,1,1,1,1,0,1,0,0,0,0,1
APIVITA Deep Cleansing Face Mask - Green Clay 50ml,Mask,APIVITA,Budget,12.3,Affordable,38,1,2,0.3165008025682183,0,1,0,0,0,0,0,1,0,0,1,0,0,0,0,0,0,0
L'Oréal Paris Pure Clay Glow Face Mask 50ml,Mask,L'Oréal,Budget,7.99,Budget,27,3,1,0.3442054574638845,0,1,0,0,1,1,0,1,0,0,0,0,0,0,0,0,0,0
The Ordinary Lactic Acid 10% + HA 2% Superficial Peeling Formulation 30ml,Peel,The Ordinary,Budget,6.1,Budget,17,1,2,0.22211878009630814,0,1,0,0,0,0,0,1,0,0,0,0,0,1,0,0,0,0
The Ordinary Lactic Acid 5% + HA 2% Superficial Peeling Formulation 30ml,Peel,The Ordinary,Budget,5.8,Budget,16,1,2,0.21762439807383627,0,1,0,0,0,0,0,1,0,0,0,0,0,1,0,0,0,0
The INKEY List Apple Cider Vinegar Acid Peel 30ml,Peel,The INKEY List,Budget,14.99,Affordable,24,1,2,0.25357945425361156,1,1,0,0,0,0,0,1,0,0,0,0,0,1,0,0,0,0
Elemis Papaya Enzyme Peel 50ml,Peel,Elemis,Premium,35.0,Mid-range,30,4,3,0.5034028892455858,1,1,0,1,1,1,0,1,1,0,0,0,1,0,0,0,0,1
AHAVA Single Use Facial Renewal Peel 8ml,Peel,REN,Premium,2.36,Budget,28,2,3,0.37441412520064205,0,1,1,0,0,0,0,1,0,1,0,0,1,0,0,0,0,0
PIXI Peel and Polish,Peel,PIXI,Mid-range,24.0,Affordable,42,3,4,0.5401926163723916,0,1,0,0,1,1,0,1,1,1,0,0,0,1,0,0,0,1
Elizabeth Arden Visible Difference Peel & Reveal Revitalizing Mask (50ml),Peel,Elizabeth Arden,Premium,26.0,Mid-range,28,1,1,0.22869983948635633,0,0,0,0,0,0,1,0,0,0,0,0,1,0,0,0,0,3
Murad Replenishing Multi-Acid Peel 100ml,Peel,Murad,Premium,48.0,Mid-range,34,4,3,0.5213804173354735,1,1,0,1,1,1,0,1,0,0,0,1,0,1,0,0,0,1
Peter Thomas Roth FirmX Peeling Gel 100ml,Peel,Peter Thomas Roth,Premium,40.0,Mid-range,24,1,2,0.25357945425361156,0,1,0,0,0,0,0,1,0,1,0,0,0,0,0,0,0,0
Murad Intensive-C Radiance Peel 50ml,Peel,Murad,Premium,55.0,Premium,28,4,3,0.49441412520064204,1,1,1,0,1,1,0,0,0,1,0,0,1,0,1,1,0,2
Peter Thomas Roth Peptide 21 Amino Acid Exfoliating Peel Pads - 60 Pads,Peel,Peter Thomas Roth,Premium,41.6,Mid-range,51,4,5,0.6834991974317817,1,1,0,1,1,1,0,1,0,1,0,1,1,1,0,0,0,1
Lancer Skincare Caviar Lime Acid Peel 50ml,Peel,Lancer,Premium,90.0,Premium,42,2,4,0.48019261637239163,1,1,1,0,0,0,0,1,0,1,0,0,0,1,1,1,0,2
Alpha-H Beauty Sleep Power Peel 50ml,Peel,Alpha-H,Premium,43.2,Mid-range,48,2,5,0.5500160513643659,1,1,1,0,0,0,0,1,1,1,0,0,0,1,1,1,0,2
Elemis Peptide4 Overnight Radiance Peel 30ml,Peel,Elemis,Premium,56.0,Premium,39,1,3,0.3638523274478331,0,1,0,0,0,0,0,1,0,1,0,0,0,1,0,0,0,0
PIXI Hydrating Milky Peel 80ml,Peel,PIXI,Mid-range,24.0,Affordable,30,2,2,0.340545746388443,0,1,1,0,0,0,0,1,0,1,0,0,0,0,0,0,0,0
Embryolisse Gentle Night Peeling Care Radiance Secret 40ml,Peel,Embryolisse,Budget,18.0,Affordable,30,1,2,0.280545746388443,0,1,0,0,0,0,0,1,1,0,0,0,0,0,0,0,0,0
Estée Lauder Perfectionist Pro Instant Resurfacing Peel with 9.9% AHAs + BHA,Peel,Estée Lauder,Premium,56.7,Premium,37,2,2,0.37200642054574634,1,0,0,1,1,0,0,0,0,0,0,1,0,1,0,0,0,1
L'Oréal Paris Revitalift Laser Glycolic Peel Pads x 25 Pads,Peel,L'Oréal,Budget,22.49,Affordable,19,1,3,0.2739646869983948,1,1,0,0,0,0,0,1,0,1,0,0,0,1,0,0,0,0
Radical Skincare Express Delivery Enzyme Peel 50ml,Peel,Radical,Premium,45.0,Mid-range,39,5,3,0.6038523274478331,1,1,1,1,1,1,0,1,0,1,0,0,1,0,0,0,0,1
Dermalogica Rapid Reveal Peel,Peel,Dermalogica,Premium,71.1,Premium,27,1,2,0.2670626003210273,0,1,0,0,0,0,0,1,0,0,0,0,0,1,0,0,0,0
Radical Skincare Detox Charcoal Enzyme Peel 50ml,Peel,Radical,Premium,45.0,Mid-range,36,5,3,0.5903691813804173,1,1,1,1,1,1,0,1,0,1,0,0,1,0,0,0,0,1
Polaar Northern Light Micro-Peeling Foam 100ml,Peel,Polaar,Mid-range,28.0,Mid-range,32,1,2,0.28953451043338685,0,1,0,0,0,0,0,1,1,0,0,0,0,0,0,0,0,0
Omorovicza Blue Diamond Peel (50ml),Peel,Omorovicza,Premium,155.0,Luxury,34,1,6,0.4699518459069021,1,1,0,0,0,0,0,1,1,1,1,0,0,1,1,1,0,2
VERSO Enzyme Peel 50ml,Peel,VERSO,Premium,80.0,Premium,22,4,3,0.46744783306581056,1,1,0,1,1,1,0,1,0,0,0,0,1,1,0,0,0,1
Natura Bissé Glyco Extreme Peel 30ml,Peel,Natura,Premium,230.0,Luxury,33,1,3,0.3368860353130016,1,1,0,0,0,0,0,1,0,0,0,0,0,1,1,1,0,2
Natura Bissé Tolerance Enzyme Peel 50ml,Peel,Natura,Premium,89.0,Premium,27,5,4,0.592776886035313,1,1,1,1,1,1,0,1,0,1,0,1,0,1,0,0,0,1
Mavala Skin Vitality Beauty Enhancing Micro-Peel 65ml,Peel,Mavala,Budget,17.0,Affordable,27,2,3,0.3699197431781701,0,1,1,0,0,0,0,1,1,1,0,0,0,0,0,0,0,0
Goldfaden MD Fresh A Peel Multi Acid Resurfacing Peel 50ml,Peel,Goldfaden,Premium,50.25,Premium,6,1,1,0.1298234349919743,0,0,0,0,0,0,1,0,0,0,0,0,0,1,0,0,0,3
Manuka Doctor ApiClear Facial Peel 100ml,Peel,Manuka,Mid-range,29.99,Mid-range,35,1,4,0.3887319422150883,0,1,0,0,0,0,0,1,1,1,1,0,0,0,0,0,0,0
Comfort Zone Sublime Skin Peel Pad (14 Pack),Peel,Comfort,Premium,80.0,Premium,11,4,3,0.4180096308186196,1,1,0,1,1,1,0,1,0,0,0,0,1,1,0,0,0,1
Recipe for Men Peeling Mask,Peel,Recipe,Mid-range,25.0,Affordable,26,1,2,0.26256821829855537,1,1,0,0,0,0,0,1,0,0,0,0,0,1,0,0,0,0
Comfort Zone Essential Peeling 60ml,Peel,Comfort,Premium,30.0,Mid-range,24,2,3,0.35643659711075437,0,1,1,0,0,0,0,1,1,1,0,0,0,0,0,0,0,0
CeraVe Eye Repair Cream 14ml,Eye Care,CeraVe,Budget,12.0,Affordable,38,5,4,0.642215088282504,1,1,1,1,1,1,0,1,1,1,0,0,1,0,0,0,0,1
The INKEY List Caffeine Eye Serum 15ml,Eye Care,The INKEY List,Budget,8.99,Budget,28,1,3,0.31441412520064205,1,1,0,0,0,0,0,1,1,0,0,0,0,0,1,1,0,2
Avène Soothing Eye Contour Cream 10ml,Eye Care,Avène,Budget,10.0,Budget,16,1,1,0.17476725521669342,0,1,0,0,0,0,0,1,0,0,0,0,0,0,0,0,0,0
Bobbi Brown Extra Eye Repair Cream 15ml,Eye Care,Pai,Premium,48.5,Mid-range,49,1,3,0.4087961476725522,1,1,0,0,0,0,0,1,1,0,0,0,0,0,1,1,0,2
Antipodes Kiwi Seed Oil Eye Cream 30ml,Eye Care,Antipodes,Premium,27.99,Mid-range,14,1,4,0.29434991974317815,0,1,0,0,0,0,0,1,1,1,0,0,0,1,0,0,0,0
La Roche-Posay Toleriane Ultra Eyes (20ml),Eye Care,La Roche-Posay,Mid-range,16.0,Affordable,17,4,4,0.4878330658105938,1,1,0,1,1,1,0,1,1,0,0,0,1,0,1,1,0,1
Bobbi Brown Hydrating Eye Cream 15ml,Eye Care,Bobbi Brown,Premium,33.5,Mid-range,31,1,2,0.2850401284109149,0,1,0,0,0,0,0,1,1,0,0,0,0,0,0,0,0,0
First Aid Beauty Skin Lab Retinol Eye Cream with Triple Hyaluronic Acid 15ml,Eye Care,First Aid Beauty,Mid-range,34.0,Mid-range,54,2,5,0.5769823434991974,1,1,1,0,0,0,0,1,1,1,1,0,0,0,1,1,0,2
Medik8 Retinol Eye TR Serum 7ml,Eye Care,Medik8,Premium,19.0,Affordable,10,1,1,0.14780096308186194,1,0,0,0,0,0,1,0,0,0,0,0,0,0,1,1,0,3
Clinique All About Eyes Eye Cream 15ml,Eye Care,Clinique,Mid-range,27.5,Mid-range,34,1,2,0.29852327447833066,0,1,0,0,0,0,0,1,1,0,0,0,0,0,0,0,0,0
Clinique Moisture Surge Eye 96-Hour Hydro-Filler Concentrate 15ml,Eye Care,Clinique,Mid-range,27.5,Mid-range,52,4,5,0.6879935794542537,1,1,0,1,1,1,0,1,1,1,0,0,1,0,1,1,0,1
VICHY Minéral 89 Eyes Hyaluronic Acid +Caffeine 15ml,Eye Care,VICHY,Mid-range,20.0,Affordable,13,1,1,0.16128410914927768,0,1,0,0,0,0,0,1,0,0,0,0,0,0,0,0,0,0
La Roche-Posay Redermic [R] Retinol Eye Cream 15ml,Eye Care,La Roche-Posay,Mid-range,27.0,Mid-range,22,1,3,0.28744783306581057,1,1,0,0,0,0,0,1,1,0,0,0,0,0,1,1,0,2
Liz Earle Eyebright Soothing Eye Lotion 150ml Bottle,Eye Care,Liz Earle,Mid-range,16.0,Affordable,16,2,2,0.27762439807383626,0,1,1,0,0,0,0,1,0,1,0,0,0,0,0,0,0,0
PIXI Retinol Eye Cream 25ml,Eye Care,PIXI,Mid-range,22.0,Affordable,33,2,3,0.3968860353130016,1,1,1,0,0,0,0,1,1,0,0,0,0,0,1,1,0,2
Elemis Pro-Collagen Advanced Eye Treatment (15ml),Eye Care,Elemis,Premium,46.0,Mid-range,38,1,1,0.27364365971107546,0,1,0,0,0,0,0,1,0,0,0,0,0,0,0,0,0,0
L’Oréal Paris Revitalift Filler Renew Eye Cream (15ml),Eye Care,REN,Premium,19.99,Affordable,24,1,1,0.2107223113964687,0,1,0,0,0,0,0,1,0,0,0,0,0,0,0,0,0,0
Bulldog Age Defence Eye Roll-On 15ml,Eye Care,Bulldog,Budget,7.5,Budget,21,1,3,0.2829534510433387,0,1,0,0,0,0,0,1,1,1,0,0,0,0,0,0,0,0
La Roche-Posay Hydraphase Intense Eyes 15ml,Eye Care,La Roche-Posay,Mid-range,16.0,Affordable,15,1,2,0.21313001605136433,0,1,0,0,0,0,0,1,0,1,0,0,0,0,0,0,0,0
Balance Me Wonder Eye Cream 15ml,Eye Care,Balance,Mid-range,16.0,Affordable,38,1,3,0.35935794542536115,0,1,0,0,0,0,0,1,1,1,0,0,0,0,0,0,0,0
Medik8 C-Tetra Eye Serum 7ml,Eye Care,Medik8,Premium,19.0,Affordable,7,1,1,0.13431781701444623,0,0,0,0,0,0,1,0,0,0,0,0,0,0,0,0,1,3
Fade Out Advanced Even Skin Tone Eye Defence Cream 15ml,Eye Care,Fade Out,Budget,9.99,Budget,35,4,4,0.5687319422150883,1,1,0,1,1,1,0,1,0,0,1,0,1,0,1,1,0,1
Estée Lauder Advanced Night Repair Matrix Synchronized Recovery Eye Concentrate 15ml,Eye Care,Estée Lauder,Premium,44.1,Mid-range,55,1,2,0.39290529695024073,1,1,0,0,0,0,0,1,0,0,0,0,0,0,1,1,0,2
L'Oréal Paris Dermo Expertise Revitalift Anti-Wrinkle + Firming Eye Cream (15ml),Eye Care,L'Oréal,Budget,11.49,Affordable,30,1,3,0.32340288924558586,0,1,0,0,0,0,0,1,1,1,0,0,0,0,0,0,0,0
DHC Revitalizing Moisture Strip: Eyes - 6 Applications,Eye Care,DHC,Mid-range,9.0,Budget,22,1,3,0.28744783306581057,0,1,0,0,0,0,0,1,1,0,0,0,1,0,0,0,0,0
Lancôme Advanced Génifique Eye Care 15ml,Eye Care,Lancôme,Premium,39.15,Mid-range,45,1,4,0.4336757624398073,0,1,0,0,0,0,0,1,1,1,1,0,0,0,0,0,0,0
La Roche-Posay Hyalu B5 Eyes 15ml,Eye Care,La Roche-Posay,Mid-range,25.5,Mid-range,46,2,5,0.5410272873194222,1,1,1,0,0,0,0,1,1,1,1,0,0,0,1,1,0,2
Estée Lauder Daywear Eye Cooling Anti-Oxidant Moisture Gel Créme,Eye Care,Estée Lauder,Premium,26.55,Mid-range,40,1,2,0.3254895666131621,0,1,0,0,0,0,0,1,1,0,0,0,0,0,0,0,0,0
Elemis Pro-Collagen Eye Renewal 15ml,Eye Care,Elemis,Premium,69.0,Premium,25,1,2,0.25807383627608343,0,1,0,0,0,0,0,1,0,1,0,0,0,0,0,0,0,0
Medik8 Advanced Night Eye 15ml,Eye Care,Medik8,Premium,36.0,Mid-range,38,4,4,0.582215088282504,1,1,0,1,1,1,0,1,1,0,0,0,1,0,1,1,0,1
GLAMGLOW Bright Eyes Cream 15ml,Eye Care,GLAMGLOW,Premium,29.0,Mid-range,61,3,5,0.6684430176565008,1,1,0,0,1,1,0,1,1,1,1,0,0,0,1,1,0,2
PIXI 24K Eye Elixir 10ml,Eye Care,PIXI,Mid-range,22.0,Affordable,27,2,4,0.412776886035313,1,1,1,0,0,0,0,1,1,1,0,0,0,0,1,1,0,2
Caudalie VineActiv Energizing and Smoothing Eye Cream 15ml,Eye Care,Caudalie,Mid-range,27.5,Mid-range,33,1,4,0.37974317817014447,1,1,0,0,0,0,0,1,1,1,0,0,0,0,1,1,0,2
Murad Resurgence Renewing Eye Cream (15ml),Eye Care,Murad,Premium,65.0,Premium,46,2,4,0.49817014446227925,1,1,1,0,0,0,0,1,1,0,1,0,0,0,1,1,0,2
La Roche-Posay Pigmentclar Eyes 15ml,Eye Care,La Roche-Posay,Mid-range,25.5,Mid-range,35,4,4,0.5687319422150883,1,1,0,1,1,1,0,1,1,0,1,0,1,0,0,0,0,1
Avene Gentle Eye Make-Up Remover 125ml,Eye Care,Avene,Budget,10.0,Budget,6,1,1,0.1298234349919743,0,0,0,0,0,0,1,0,0,0,0,0,0,0,0,0,1,3
REN Clean Skincare Keep Young and Beautiful Firm and Lift Eye Cream,Eye Care,REN,Premium,33.0,Mid-range,26,2,4,0.40828250401284105,1,1,1,0,0,0,0,1,1,1,0,0,0,0,1,1,0,2
L'Oréal Paris Gentle Eye Make-Up Remover 125ml,Eye Care,L'Oréal,Budget,3.49,Budget,21,1,2,0.24009630818619582,0,0,1,0,0,0,0,1,0,1,0,0,0,0,0,0,0,0
DECLÉOR Jasmine Eye Cream 15ml,Eye Care,DECLÉOR,Premium,25.9,Mid-range,47,4,7,0.7512359550561798,1,1,0,1,1,1,0,1,1,1,1,1,1,1,0,0,0,1
Dermalogica Multivitamin Power Firm 15ml,Eye Care,Dermalogica,Premium,42.75,Mid-range,16,1,3,0.26048154093097914,0,1,0,0,0,0,0,0,1,1,0,0,1,0,0,0,0,0
Clinique Repairwear Anti-Gravity Eye Cream 15ml,Eye Care,Clinique,Mid-range,39.5,Mid-range,46,1,5,0.4810272873194221,1,1,0,0,0,0,0,1,1,1,1,0,0,0,1,1,0,2
First Aid Beauty Eye Duty Triple Remedy Overnight Balm (15ml),Eye Care,First Aid Beauty,Mid-range,28.0,Mid-range,39,4,4,0.5867094703049759,1,1,0,1,1,1,0,1,1,0,0,0,1,0,1,1,0,1
Lumene Nordic Hydra [Lähde] Purity Dew Drops Hydrating Eye Gel 15ml,Eye Care,Lumene,Budget,14.9,Affordable,35,2,2,0.3630176565008026,0,1,1,0,0,0,0,1,0,1,0,0,0,0,0,0,0,0
L'Oréal Paris Absolute Eye and Lip Make-Up Remover 125ml,Eye Care,L'Oréal,Budget,5.49,Budget,10,1,1,0.14780096308186194,0,0,1,0,0,0,0,1,0,0,0,0,0,0,0,0,0,0
Elemis Peptide Eye Recovery Cream 15ml,Eye Care,Elemis,Premium,38.0,Mid-range,25,2,2,0.31807383627608343,0,1,1,0,0,0,0,1,0,1,0,0,0,0,0,0,0,0
Goldfaden MD Bright Eyes Dark Circle Radiance Concentrate 15ml,Eye Care,Goldfaden,Premium,32.16,Mid-range,26,1,2,0.26256821829855537,0,1,0,0,0,0,0,1,1,0,0,0,0,0,0,0,0,0
L'Oréal Men Expert Hydra Energetic Cooling Eye Roll-On (10ml),Eye Care,L'Oréal,Budget,10.99,Affordable,26,2,2,0.32256821829855536,1,1,1,0,0,0,0,1,0,0,0,0,0,0,1,1,0,2
Clinique Pep Start Eye Cream 15ml,Eye Care,Clinique,Mid-range,24.0,Affordable,43,1,4,0.42468699839486357,1,1,0,0,0,0,0,1,1,0,1,0,0,0,1,1,0,2
Lancôme Rénergie Multi-Lift Eye Cream 15ml,Eye Care,Lancôme,Premium,44.55,Mid-range,46,4,7,0.7467415730337079,1,1,0,1,1,1,0,1,1,1,1,1,0,1,1,1,0,1
Bulldog Energising Eye Roll On 15ml,Eye Care,Bulldog,Budget,7.5,Budget,21,1,3,0.2829534510433387,0,1,0,0,0,0,0,1,0,1,1,0,0,0,0,0,0,0
Avène Refreshing Eye Contour 15ml,Eye Care,Avène,Budget,16.0,Affordable,17,1,2,0.22211878009630814,0,1,0,0,0,0,0,1,0,1,0,0,0,0,0,0,0,0
Manuka Doctor ApiNourish Age-Defying Eye Cream 15ml,Eye Care,Manuka,Mid-range,10.99,Affordable,28,1,3,0.31441412520064205,1,1,0,0,0,0,0,1,1,0,0,0,0,0,1,1,0,2
VICHY Aqualia Thermal Eye Awakening Balm (15ml),Eye Care,VICHY,Mid-range,15.0,Affordable,15,1,1,0.1702728731942215,0,1,0,0,0,0,0,1,0,0,0,0,0,0,0,0,0,0
DECLÉOR Hydra Floral Everfresh Hydrating Wide-Open Eye Gel,Eye Care,DECLÉOR,Premium,24.5,Affordable,18,4,3,0.44947030497592294,1,1,0,1,1,1,0,1,0,0,0,1,0,1,0,0,0,1
Medik8 Eyelift Peptides 15ml,Eye Care,Medik8,Premium,38.0,Mid-range,32,1,4,0.37524879614767254,1,1,0,0,0,0,0,1,1,1,0,0,0,0,1,1,0,2
Shiseido Exclusive Ultimune Eye Power Infusing Eye Concentrate 15ml,Eye Care,Shiseido,Premium,58.0,Premium,41,1,3,0.3728410914927769,0,1,0,0,0,0,0,1,1,1,0,0,0,0,0,0,0,0
Dermalogica Total Eye Care 15ml,Eye Care,Dermalogica,Premium,40.5,Mid-range,38,2,5,0.5050722311396468,0,1,1,0,0,0,0,1,1,1,1,0,0,1,0,0,0,0
Dermalogica Intensive Eye Repair (15ml),Eye Care,Pai,Premium,44.55,Mid-range,42,2,3,0.4373354735152488,0,1,1,0,0,0,0,1,1,1,0,0,0,0,0,0,0,0
benefit It's Potent Brightening Eye Cream 14g,Eye Care,benefit,Mid-range,29.0,Mid-range,49,1,4,0.45165329052969505,1,1,0,0,0,0,0,1,1,0,1,0,0,0,1,1,0,2
DECLÉOR Prolagène Lift Lavandula Iris - Lift and Firm Eye Care 15ml,Eye Care,DECLÉOR,Premium,35.0,Mid-range,48,1,5,0.490016051364366,1,1,0,0,0,0,0,1,1,1,1,0,0,0,1,1,0,2
Skin Doctors Instant Eyelift (10ml),Eye Care,Skin Doctors,Mid-range,21.99,Affordable,12,1,1,0.15678972712680578,0,1,0,0,0,0,0,1,0,0,0,0,0,0,0,0,0,0
Instant Effects Instant Eye Lift,Eye Care,Instant,Mid-range,24.99,Affordable,30,1,2,0.280545746388443,0,1,0,0,0,0,0,1,0,1,0,0,0,0,0,0,0,0
Aesop Parsley Seed Anti-Oxidant Eye Serum 15ml,Eye Care,Aesop,Premium,57.0,Premium,24,2,1,0.2707223113964687,0,1,1,0,0,0,0,1,0,0,0,0,0,0,0,0,0,0
Murad Essential C Eye Cream SPF15 15ml,Eye Care,Murad,Premium,60.0,Premium,38,4,5,0.6250722311396468,1,1,1,0,1,1,0,1,1,1,1,0,0,0,1,1,0,2
Medik8 r-Retinoate Day and Night Eye Serum 15ml,Eye Care,Medik8,Premium,90.0,Premium,28,1,4,0.35727126805778486,0,1,0,0,0,0,0,1,1,1,0,0,0,1,0,0,0,0
Origins GinZing Refreshing Eye Cream to Brighten and Depuff On-the-Go 10ml,Eye Care,Origins,Mid-range,18.0,Affordable,50,2,4,0.5161476725521669,1,1,1,0,0,0,0,1,1,0,1,0,0,0,1,1,0,2
Estée Lauder Resilience Multi-Effect Tri-Peptide Eye Crème 15ml,Eye Care,Estée Lauder,Premium,44.1,Mid-range,18,1,1,0.18375601926163723,0,0,0,1,0,0,0,0,0,0,0,1,0,0,0,0,0,0
SVR Palpebral by Topialyse Eye Cream 15ml,Eye Care,SVR,Mid-range,15.0,Affordable,21,1,1,0.19723916532905297,0,1,0,0,0,0,0,1,0,0,0,0,0,0,0,0,0,0
Liz Earle Superskin Eye Cream 15ml,Eye Care,Liz Earle,Mid-range,39.0,Mid-range,35,1,1,0.2601605136436597,0,1,0,0,0,0,0,1,0,0,0,0,0,0,0,0,0,0
bareMinerals Ageless Genius Firming and Wrinkle Smoothing Eye Cream 15g,Eye Care,bareMinerals,Mid-range,37.0,Mid-range,49,1,3,0.4087961476725522,1,1,0,0,0,0,0,1,1,0,0,0,0,0,1,1,0,2
Clinique for Men Super Energizer Anti-Fatigue Depuffing Eye Gel 15ml,Eye Care,Clinique,Mid-range,26.0,Mid-range,32,2,2,0.34953451043338685,0,1,1,0,0,0,0,1,0,0,1,0,0,0,0,0,0,0
Clinique Naturally Gentle Eye Make-Up Remover 75ml,Eye Care,Clinique,Mid-range,19.0,Affordable,15,1,1,0.1702728731942215,0,1,0,0,0,0,0,0,0,0,0,0,0,0,0,0,1,4
Ultrasun SPF30+ Eye Cream (15ml),Eye Care,Ultrasun,Mid-range,20.0,Affordable,31,4,4,0.5507544141252007,0,1,1,0,1,1,0,1,1,1,1,0,0,0,0,0,0,1
Zelens Triple Action Advanced Eye Cream,Eye Care,Zelens,Premium,80.0,Premium,51,1,4,0.4606420545746388,1,1,0,0,0,0,0,1,1,1,0,0,0,0,1,1,0,2
Clinique Superdefense SPF20 Age Defense Eye Cream 15ml,Eye Care,Clinique,Mid-range,31.5,Mid-range,48,1,3,0.40430176565008025,0,1,0,0,0,0,0,1,1,0,1,0,0,0,0,0,0,0
KLORANE Eye Make-Up Remover with Organically Farmed Cornflower 200ml,Eye Care,KLORANE,Budget,9.5,Budget,9,1,1,0.14330658105939004,0,0,0,0,0,0,1,0,0,0,0,0,0,0,0,0,1,3
Peter Thomas Roth Retinol Eye Care 15ml,Eye Care,Peter Thomas Roth,Premium,46.0,Mid-range,56,2,5,0.5859711075441413,1,1,1,0,0,0,0,1,1,1,0,0,1,0,1,1,0,2
Clinique Rinse-Off Eye Makeup Solvent 125ml,Eye Care,Clinique,Mid-range,19.0,Affordable,7,1,1,0.13431781701444623,0,0,0,0,0,0,1,0,0,0,0,0,0,0,0,0,1,3
Sukin Purely Ageless Eye Cream 20ml,Eye Care,Sukin,Budget,15.95,Affordable,36,1,3,0.35036918138041734,0,1,0,0,0,0,0,1,1,0,0,0,0,1,0,0,0,0
SkinCeuticals A.G.E. Eye Complex Cream 15ml,Eye Care,SkinCeuticals,Premium,85.0,Premium,39,1,4,0.40670947030497595,1,1,0,0,0,0,0,1,1,0,1,0,0,0,1,1,0,2
Benton Fermentation Eye Cream 30g,Eye Care,Benton,Budget,25.0,Affordable,27,2,4,0.412776886035313,1,1,1,0,0,0,0,1,1,1,0,0,0,0,1,1,0,2
Estée Lauder Take It Away Gentle Eye and Lip Longwear Makeup Remover 100ml,Eye Care,Estée Lauder,Premium,18.9,Affordable,13,1,1,0.16128410914927768,0,0,0,0,0,0,1,1,0,0,0,0,0,0,0,0,0,3
Sarah Chapman Lash Boosting Eye Cleanse 70ml,Eye Care,Sarah,Premium,33.0,Mid-range,41,2,5,0.5185553772070626,1,1,1,0,0,0,0,1,1,1,0,0,0,1,1,1,0,2
Sanctuary Spa Power Peptide Awakening Eye Serum 15ml,Eye Care,Sanctuary Spa,Budget,16.5,Affordable,17,1,4,0.3078330658105939,1,1,0,0,0,0,0,1,0,1,1,0,0,0,1,1,0,2
Eucerin® Anti-Age Hyaluron-Filler Eye Cream SPF 15 + UVA Protection (15ml),Eye Care,Eucerin,Mid-range,24.5,Affordable,23,2,4,0.3947993579454253,0,1,0,1,0,0,0,1,1,1,0,1,0,0,0,0,0,0
RapidEye Firming Wrinkle Smoother 15ml,Eye Care,RapidEye,Mid-range,21.55,Affordable,38,2,4,0.462215088282504,1,1,1,0,0,0,0,1,1,1,0,0,0,0,1,1,0,2
Dermalogica Stress Positive Eye Lift 25ml,Eye Care,Dermalogica,Premium,52.65,Premium,39,4,2,0.5009951845906903,1,1,0,1,1,1,0,1,0,0,0,0,1,0,0,0,0,1
Aesop Parsley Seed Anti-Oxidant Eye Cream 10ml,Eye Care,Aesop,Premium,63.0,Premium,22,2,1,0.2617335473515249,0,1,1,0,0,0,0,1,0,0,0,0,0,0,0,0,0,0
SVR Densitium Lifting + Firming Eye Contour Cream -15ml,Eye Care,SVR,Mid-range,36.0,Mid-range,41,1,6,0.5014125200642054,1,1,0,0,0,0,0,1,1,1,1,0,0,1,1,1,0,2
Lumene Nordic C [Valo] Bright Eyes All-In-One Treatment 15ml,Eye Care,Lumene,Budget,19.9,Affordable,42,2,4,0.48019261637239163,0,1,1,0,0,0,0,1,1,1,1,0,0,0,0,0,0,0
Perricone MD Essential Fx Acyl-Glutathione: Eyelid Lift Serum,Eye Care,Perricone,Premium,89.0,Premium,28,3,4,0.47727126805778486,1,1,0,0,1,1,0,1,1,0,1,0,0,0,1,1,0,2
Natio Ageless Brightening Eye Cream (20g),Eye Care,Natio,Budget,12.4,Affordable,46,1,3,0.39531300160513644,1,1,0,0,0,0,0,1,1,0,0,0,0,0,1,1,0,2
First Aid Beauty 5-in-1 Eye Cream (14.1ml),Eye Care,First Aid Beauty,Mid-range,26.0,Mid-range,28,4,3,0.49441412520064204,1,1,0,1,1,1,0,1,0,1,0,0,1,0,0,0,0,1
SkinCeuticals AOX+ Eye Gel 15ml,Eye Care,SkinCeuticals,Premium,77.0,Premium,19,1,2,0.231107544141252,0,1,0,0,0,0,0,1,0,0,0,0,1,0,0,0,0,0
MAC Fast Response Eye Cream 15ml,Eye Care,MAC,Mid-range,22.0,Affordable,30,2,2,0.340545746388443,0,1,1,0,0,0,0,0,1,1,0,0,0,0,0,0,0,0
Dr. Brandt No More Baggage 15g,Eye Care,Dr.,Budget,30.0,Mid-range,40,2,5,0.5140609951845907,1,1,1,0,0,0,0,1,1,1,1,0,0,0,1,1,0,2
Sukin Eye Serum (30ml),Eye Care,Sukin,Budget,14.95,Affordable,17,1,2,0.22211878009630814,0,1,0,0,0,0,0,1,1,0,0,0,0,0,0,0,0,0
VICHY LiftActiv Serum 10 Eyes & Lashes 15ml,Eye Care,VICHY,Mid-range,27.0,Mid-range,23,1,3,0.2919422150882825,1,1,0,0,0,0,0,1,0,0,1,0,0,0,1,1,0,2
Perricone MD Cold Plasma Plus Eye Cream 15ml,Eye Care,Perricone,Premium,80.0,Premium,33,3,4,0.49974317817014446,1,1,0,0,1,1,0,1,1,0,1,0,0,0,1,1,0,2
REN Clean Skincare Keep Young and Beautiful Instant Brightening Beauty Shot Eye Lift 15ml,Eye Care,REN,Premium,33.0,Mid-range,17,1,2,0.22211878009630814,0,1,0,0,0,0,0,1,0,0,1,0,0,0,0,0,0,0
CeraVe Hydrating Cleanser 236ml,Cleanser,CeraVe,Budget,9.5,Budget,22,2,2,0.3045906902086677,0,1,1,0,0,0,0,1,1,0,0,0,0,0,0,0,0,0
CeraVe Hydrating Cleanser 473ml,Cleanser,CeraVe,Budget,15.0,Affordable,23,2,2,0.3090850722311396,0,1,1,0,0,0,0,1,1,0,0,0,0,0,0,0,0,0
The Ordinary Squalane Cleanser Supersize Exclusive 150ml,Cleanser,The Ordinary,Budget,14.2,Affordable,19,1,1,0.18825040128410914,0,1,0,0,0,0,0,1,0,0,0,0,0,0,0,0,0,0
CeraVe Foaming Facial Cleanser 473ml,Cleanser,CeraVe,Budget,15.0,Affordable,24,5,3,0.5364365971107544,1,1,1,1,1,1,0,1,1,0,0,0,1,0,0,0,0,1
CeraVe Smoothing Cleanser 236ml,Cleanser,CeraVe,Budget,12.0,Affordable,25,5,6,0.6695024077046549,1,1,1,1,1,1,0,1,1,1,0,1,1,1,0,0,0,1
COSRX Salicylic Acid Daily Gentle Cleanser 170g,Cleanser,COSRX,Mid-range,8.5,Budget,29,4,3,0.498908507223114,1,1,0,1,1,1,0,1,0,0,0,1,0,1,0,0,0,1
Elemis Pro-Collagen Cleansing Balm 105g,Cleanser,Elemis,Premium,44.0,Mid-range,40,1,2,0.3254895666131621,0,1,0,0,0,0,0,1,1,0,0,0,0,0,0,0,0,0
FARMACY Green Clean Make Up Meltaway Cleansing Balm 100ml,Cleanser,FARMACY,Premium,32.0,Mid-range,30,1,3,0.32340288924558586,0,1,0,0,0,0,0,1,1,1,0,0,0,0,0,0,0,0
La Roche-Posay Effaclar H Hydrating Cleansing Cream (200ml),Cleanser,La Roche-Posay,Mid-range,12.5,Affordable,14,4,2,0.3886356340288924,1,1,0,1,1,1,0,1,0,0,0,0,1,0,0,0,0,1
La Roche-Posay Effaclar Purifying Cleansing Gel 200ml,Cleanser,La Roche-Posay,Mid-range,12.5,Affordable,15,1,1,0.1702728731942215,0,0,0,0,1,0,0,0,0,0,0,0,0,0,0,0,1,4
La Roche-Posay Effaclar Cleansing Gel 400ml,Cleanser,La Roche-Posay,Mid-range,18.5,Affordable,13,1,1,0.16128410914927768,0,0,0,0,1,0,0,0,0,1,0,0,0,0,0,0,0,0
Emma Hardie Moringa Cleansing Balm with Professional Cleansing Cloth 100ml,Cleanser,Emma,Premium,47.0,Mid-range,36,1,2,0.30751203852327447,0,1,0,0,0,0,0,1,1,0,0,0,0,0,0,0,0,0
Clinique Take the Day off Cleansing Balm 30ml,Cleanser,Clinique,Mid-range,9.0,Budget,8,1,1,0.13881219903691813,0,0,0,0,0,0,1,0,0,0,0,0,0,0,0,0,1,3
Clinique Liquid Facial Soap Mild 200ml,Cleanser,Clinique,Mid-range,17.5,Affordable,22,1,2,0.2445906902086677,0,0,0,0,0,0,1,1,1,0,0,0,0,0,0,0,0,3
Elemis Dynamic Resurfacing Facial Wash 200ml,Cleanser,Elemis,Premium,34.0,Mid-range,37,1,1,0.2691492776886035,0,1,0,0,0,0,0,1,0,0,0,0,0,0,0,0,0,0
First Aid Beauty Face Cleanser (142g),Cleanser,First Aid Beauty,Mid-range,16.0,Affordable,17,2,2,0.28211878009630814,0,1,1,0,0,0,0,1,0,1,0,0,0,0,0,0,0,0
Garnier Micellar Water Facial Cleanser and Makeup Remover for Sensitive Skin 400ml,Cleanser,Garnier,Budget,4.99,Budget,6,1,1,0.1298234349919743,0,1,0,0,0,0,0,1,0,0,0,0,0,0,0,0,0,0
Caudalie Duo Foaming Cleanser (2 x 150ml) (Worth £30),Cleanser,Caudalie,Mid-range,22.0,Affordable,20,1,1,0.19274478330658104,0,1,0,0,0,0,0,1,0,0,0,0,0,0,0,0,0,0
Liz Earle Cleanse & Polish 100ml Pump,Cleanser,Liz Earle,Mid-range,15.5,Affordable,23,2,2,0.3090850722311396,0,1,1,0,0,0,0,1,1,0,0,0,0,0,0,0,0,0
Garnier Micellar Water Facial Cleanser and Makeup Remover for Sensitive Skin 700ml,Cleanser,Garnier,Budget,6.99,Budget,6,1,1,0.1298234349919743,0,1,0,0,0,0,0,1,0,0,0,0,0,0,0,0,0,0
Caudalie Vinopure Purifying Gel Cleanser 150ml,Cleanser,Caudalie,Mid-range,16.0,Affordable,28,4,4,0.5372712680577849,1,1,0,1,1,1,0,1,0,1,0,1,0,1,0,0,0,1
Bulldog Original Face Wash 150ml,Cleanser,Bulldog,Budget,3.38,Budget,25,1,1,0.2152166934189406,0,1,0,0,0,0,0,1,0,0,0,0,0,0,0,0,0,0
Neutrogena Hydro Boost Water Gel Cleanser 200ml,Cleanser,Neutrogena,Budget,7.99,Budget,23,1,1,0.20622792937399678,0,1,0,0,0,0,0,1,0,0,0,0,0,0,0,0,0,0
OSKIA Renaissance Cleansing Gel (100ml),Cleanser,REN,Premium,35.0,Mid-range,21,1,2,0.24009630818619582,0,1,0,0,0,0,0,1,1,0,0,0,0,0,0,0,0,0
NIP+FAB Teen Skin Fix Pore Blaster Night Wash 145ml,Cleanser,NIP+FAB,Budget,6.99,Budget,19,4,3,0.4539646869983949,1,1,0,1,1,1,0,1,0,0,0,1,0,1,0,0,0,1
Elemis Superfood Cleansing Wash 150ml,Cleanser,Elemis,Premium,25.0,Affordable,48,3,3,0.5243017656500802,0,1,0,0,1,1,0,1,0,1,0,0,1,0,0,0,0,1
Bioderma Hybrabio H2O 500ml Duo Pack,Cleanser,Bioderma,Budget,18.5,Affordable,18,4,2,0.40661316211878007,1,1,0,1,1,1,0,1,0,0,0,0,1,0,0,0,0,1
La Roche-Posay Toleriane Dermo-Cleanser 200ml,Cleanser,La Roche-Posay,Mid-range,12.5,Affordable,7,1,1,0.13431781701444623,0,1,0,0,0,0,0,1,0,0,0,0,0,0,0,0,0,0
Liz Earle Cleanse & Polish 200ml Tube,Cleanser,Liz Earle,Mid-range,27.0,Mid-range,23,2,2,0.3090850722311396,0,1,1,0,0,0,0,1,1,0,0,0,0,0,0,0,0,0
Origins Checks and Balances Frothy Face Wash 150ml,Cleanser,Origins,Mid-range,16.5,Affordable,26,1,2,0.26256821829855537,0,1,0,0,0,0,0,1,1,0,0,0,0,0,0,0,0,0
Avène Cleanance Cleansing Gel 200ml,Cleanser,Avène,Budget,12.0,Affordable,15,3,1,0.2902728731942215,0,1,0,0,1,1,0,0,0,1,0,0,0,0,0,0,0,0
Avene Face Essentials Cleansing Foam 150ml,Cleanser,Avene,Budget,13.5,Affordable,10,1,2,0.19065810593900478,0,0,0,0,0,0,1,0,0,1,0,0,0,1,0,0,0,3
Clinique Anti Blemish Solutions Cleansing Foam 125ml,Cleanser,Clinique,Mid-range,19.0,Affordable,27,4,4,0.5327768860353129,1,1,0,1,1,1,0,1,1,0,0,1,0,1,0,0,0,1
Neutrogena® Oil Balancing Facial Wash 200ml,Cleanser,Neutrogena,Budget,4.71,Budget,18,4,3,0.44947030497592294,1,1,0,1,1,1,0,1,0,0,0,1,0,1,0,0,0,1
Bulldog Oil Control Face Wash 150ml,Cleanser,Bulldog,Budget,3.38,Budget,17,1,2,0.22211878009630814,0,1,0,0,0,0,0,1,0,1,0,0,0,0,0,0,0,0
Eve Lom Cleanser 200ml,Cleanser,Eve,Premium,85.0,Premium,12,1,1,0.15678972712680578,0,1,0,0,0,0,0,0,1,0,0,0,0,0,0,0,0,0
REN Clean Skincare Rosa Centifolia Cleansing Gel,Cleanser,REN,Premium,18.0,Affordable,18,2,2,0.2866131621187801,0,1,1,0,0,0,0,1,0,0,0,0,0,1,0,0,0,0
Dr Dennis Gross Alpha Beta Pore Perfecting Cleansing Gel 60ml,Cleanser,Dr,Premium,17.0,Affordable,41,1,3,0.3728410914927769,1,1,0,0,0,0,0,1,0,1,0,0,0,1,0,0,0,0
La Roche-Posay Cicaplast B5 Anti-Bacterial Cleansing Wash 200ml,Cleanser,La Roche-Posay,Mid-range,10.0,Budget,21,4,2,0.4200963081861958,0,1,1,0,1,1,0,1,0,1,0,0,0,0,0,0,0,1
Caudalie Instant Foaming Cleanser (150ml),Cleanser,Caudalie,Mid-range,15.0,Affordable,20,1,2,0.23560192616372388,0,1,0,0,0,0,0,1,0,1,0,0,0,0,0,0,0,0
COSRX Low pH Good Morning Cleanser 150ml,Cleanser,COSRX,Mid-range,17.0,Affordable,23,2,2,0.3090850722311396,0,1,1,0,0,0,0,1,0,1,0,0,0,0,0,0,0,0
Aesop Amazing Face Cleanser 200ml,Cleanser,Aesop,Premium,35.0,Mid-range,12,1,1,0.15678972712680578,0,1,0,0,0,0,0,1,0,0,0,0,0,0,0,0,0,0
philosophy Purity One-Step Facial Cleanser 480ml,Cleanser,philosophy,Mid-range,30.0,Mid-range,20,1,1,0.19274478330658104,0,1,0,0,0,0,0,1,0,0,0,0,0,0,0,0,0,0
VICHY Normaderm Deep Cleansing Purifying Gel 200ml,Cleanser,VICHY,Mid-range,13.0,Affordable,16,2,4,0.36333868378812195,1,0,0,1,1,0,0,1,0,1,0,1,0,1,0,0,0,1
NIP+FAB Teen Skin Fix Pore Blaster Day Wash 145ml,Cleanser,NIP+FAB,Budget,6.99,Budget,21,5,3,0.5229534510433387,1,1,1,1,1,1,0,1,0,1,0,0,1,0,0,0,0,1
Clinique Liquid Facial Soap Oily Skin Formula 200ml,Cleanser,Clinique,Mid-range,17.5,Affordable,19,1,1,0.18825040128410914,0,0,0,0,0,0,1,1,0,0,0,0,0,0,0,0,0,3
Clinique Rinse-Off Foaming Cleanser 150ml,Cleanser,Clinique,Mid-range,17.5,Affordable,16,1,1,0.17476725521669342,0,1,0,0,0,0,0,1,0,0,0,0,0,0,0,0,0,0
Avène Gentle Milk Cleanser,Cleanser,Avène,Budget,11.5,Affordable,13,1,1,0.16128410914927768,0,0,0,0,0,0,1,0,0,0,0,0,0,0,0,0,1,3
Bulldog Sensitive Face Wash 150ml,Cleanser,Bulldog,Budget,3.38,Budget,16,1,1,0.17476725521669342,0,1,0,0,0,0,0,1,0,0,0,0,0,0,0,0,0,0
Garnier Micellar Gel Face Wash Sensitive Skin 200ml,Cleanser,Garnier,Budget,3.99,Budget,15,1,2,0.21313001605136433,0,1,0,0,0,0,0,1,0,1,0,0,0,0,0,0,0,0
Sukin Foaming Facial Cleanser (125ml),Cleanser,Sukin,Budget,7.95,Budget,25,1,2,0.25807383627608343,0,1,0,0,0,0,0,1,1,0,0,0,0,0,0,0,0,0
Clinique for Men Face Wash 200ml,Cleanser,Clinique,Mid-range,16.5,Affordable,24,1,3,0.29643659711075443,0,1,0,0,0,0,0,1,1,1,0,0,0,0,0,0,0,0
Neutrogena Pink Grapefruit Medicated Facial Wipes,Cleanser,Neutrogena,Budget,3.99,Budget,12,4,3,0.42250401284109146,1,1,0,1,1,1,0,0,0,1,0,1,0,1,0,0,0,1
Murad Clarifying Cleanser 200ml,Cleanser,Murad,Premium,25.0,Affordable,30,4,2,0.460545746388443,1,1,0,1,1,1,0,0,0,0,0,1,0,1,0,0,0,1
L'Oréal Paris Fine Flowers Cleansing Wash 150ml,Cleanser,L'Oréal,Budget,3.99,Budget,20,1,3,0.27845906902086676,0,1,0,0,0,0,0,1,1,1,0,0,0,0,0,0,0,0
Clinique Redness Solutions Soothing Cleanser 150ml,Cleanser,Clinique,Mid-range,19.0,Affordable,23,1,2,0.24908507223113963,0,1,0,0,0,0,0,1,1,0,0,0,0,0,0,0,0,0
REN Evercalm™ Gentle Cleansing Milk 150ml,Cleanser,REN,Premium,20.0,Affordable,28,1,3,0.31441412520064205,0,1,0,0,0,0,0,1,1,1,0,0,0,0,0,0,0,0
Bulldog Original 2-in-1 Beard Shampoo and Conditioner 200ml,Cleanser,Bulldog,Budget,4.5,Budget,16,1,2,0.21762439807383627,0,1,0,0,0,0,0,1,0,1,0,0,0,0,0,0,0,0
La Roche-Posay Effaclar Micellar Water 200ml,Cleanser,La Roche-Posay,Mid-range,12.5,Affordable,12,3,1,0.2767897271268058,0,1,0,0,1,1,0,1,0,0,0,0,0,0,0,0,0,0
Murad Age Reform Aha/Bha Exfoliating Cleanser (200ml),Cleanser,Murad,Premium,38.0,Mid-range,20,2,2,0.2956019261637239,1,0,0,1,1,0,0,0,0,0,0,1,0,1,0,0,0,1
Elemis Balancing Lime Blossom Cleanser 200ml,Cleanser,Elemis,Premium,25.0,Affordable,31,1,2,0.2850401284109149,0,1,0,0,0,0,0,1,0,1,0,0,0,0,0,0,0,0
PIXI Glow Tonic Cleansing Gel 135ml,Cleanser,PIXI,Mid-range,18.0,Affordable,33,2,3,0.3968860353130016,1,1,1,0,0,0,0,1,0,1,0,0,0,1,0,0,0,0
Medik8 Pore Cleanse Gel Intense 150ml,Cleanser,Medik8,Premium,21.0,Affordable,20,4,3,0.45845906902086675,1,1,0,1,1,1,0,1,0,0,0,1,0,1,0,0,0,1
DHC Face Wash Powder (50g),Cleanser,DHC,Mid-range,11.0,Affordable,14,1,1,0.1657784911717496,0,0,0,0,0,0,1,0,0,0,0,0,0,0,0,0,1,3
bareMinerals Clay Chameleon Transforming Purifying Cleanser 120g,Cleanser,bareMinerals,Mid-range,11.4,Affordable,29,1,2,0.2760513643659711,0,1,0,0,0,0,0,1,1,0,0,0,0,0,0,0,0,0
Caudalie Micellar Cleansing Water 400ml ,Cleanser,Caudalie,Mid-range,19.0,Affordable,17,1,2,0.22211878009630814,0,1,0,0,0,0,0,1,0,1,0,0,0,0,0,0,0,0
Garnier Pure Active 3in1 Charcoal Blackhead Mask Wash Scrub 150ml,Cleanser,Garnier,Budget,4.99,Budget,28,4,4,0.5372712680577849,1,1,0,1,1,1,0,1,0,1,0,1,0,1,0,0,0,1
PIXI Vitamin-C Juice Cleanser 150ml,Cleanser,PIXI,Mid-range,18.0,Affordable,25,2,4,0.4037881219903692,0,1,1,0,0,0,0,1,0,1,0,0,1,1,0,0,0,0
Lancôme Crème Mousse Confort Creamy Foaming Cleanser 125ml,Cleanser,Lancôme,Premium,22.5,Affordable,33,4,4,0.5597431781701444,1,1,0,1,1,1,0,1,0,0,1,1,0,1,0,0,0,1
Eve Lom Cleanser 100ml,Cleanser,Eve,Premium,55.0,Premium,12,1,1,0.15678972712680578,0,1,0,0,0,0,0,0,1,0,0,0,0,0,0,0,0,0
PIXI Glow Mud Cleanser 135ml,Cleanser,PIXI,Mid-range,18.0,Affordable,35,1,3,0.3458747993579454,1,1,0,0,0,0,0,1,1,0,0,0,0,1,0,0,0,0
La Roche-Posay Toleriane Foaming Gel Cleanser 150ml,Cleanser,La Roche-Posay,Mid-range,12.5,Affordable,13,1,1,0.16128410914927768,0,1,0,0,0,0,0,1,0,0,0,0,0,0,0,0,0,0
Garnier Vitamin Enriched Cleansing Wipes (25 Pack),Cleanser,Garnier,Budget,2.69,Budget,33,1,3,0.3368860353130016,0,1,0,0,0,0,0,1,1,1,0,0,0,0,0,0,0,0
Clinique for Men Charcoal Face Wash 200ml,Cleanser,Clinique,Mid-range,18.0,Affordable,21,1,1,0.19723916532905297,0,1,0,0,0,0,0,1,0,0,0,0,0,0,0,0,0,0
Avene Antirougeurs Clean Cleanser 200ml,Cleanser,Avene,Budget,14.5,Affordable,14,1,1,0.1657784911717496,0,1,0,0,0,0,0,0,0,0,0,0,0,0,0,0,1,4
Lancôme Gel Eclat Express Clarfying Self-Foaming Cleanser 125ml,Cleanser,Lancôme,Premium,22.05,Affordable,26,1,1,0.21971107544141252,0,0,0,0,0,0,1,1,0,0,0,0,0,0,0,0,0,3
philosophy Purity One-Step Facial Cleanser 240ml,Cleanser,philosophy,Mid-range,19.0,Affordable,27,1,1,0.22420545746388443,0,1,0,0,0,0,0,1,0,0,0,0,0,0,0,0,0,0
Bulldog Energising Face Wash 150ml,Cleanser,Bulldog,Budget,3.38,Budget,20,1,2,0.23560192616372388,0,1,0,0,0,0,0,1,0,1,0,0,0,0,0,0,0,0
Bobbi Brown Soothing Cleansing Oil 200ml,Cleanser,Bobbi Brown,Premium,35.0,Mid-range,23,1,2,0.24908507223113963,0,1,0,0,0,0,0,1,0,1,0,0,0,0,0,0,0,0
L'Oréal Paris Fine Flowers Cleansing Cream 200ml,Cleanser,L'Oréal,Budget,7.99,Budget,25,1,1,0.2152166934189406,0,1,0,0,0,0,0,0,0,0,0,0,0,0,0,0,1,4
Antipodes Hallelujah Lime & Patchouli Cleanser 200ml,Cleanser,Antipodes,Premium,22.99,Affordable,20,1,2,0.23560192616372388,0,1,0,0,0,0,0,1,1,0,0,0,0,0,0,0,0,0
Filorga Foam Cleanser 150ml,Cleanser,Filorga,Mid-range,20.0,Affordable,18,1,1,0.18375601926163723,0,1,0,0,0,0,0,1,0,0,0,0,0,0,0,0,0,0
Estée Lauder Nutritious Super-Pomegranate Radiant Energy 2-In-1 Cleansing Foam 125ml,Cleanser,Estée Lauder,Premium,23.4,Affordable,41,1,1,0.2871268057784912,0,1,0,0,0,0,0,1,0,0,0,0,0,0,0,0,0,0
Garnier Micellar Water Oil Infused Facial Cleanser and Makeup Remover 400ml,Cleanser,Garnier,Budget,5.99,Budget,22,1,1,0.20173354735152485,0,0,0,1,0,0,0,0,0,0,0,1,0,0,0,0,0,0
Omorovicza Cleansing Foam Duo,Cleanser,Omorovicza,Premium,73.0,Premium,17,1,1,0.1792616372391653,0,1,0,0,0,0,0,1,0,0,0,0,0,0,0,0,0,0
VICHY Purete Thermale Fresh Cleansing Gel 200ml,Cleanser,VICHY,Mid-range,12.0,Affordable,14,1,1,0.1657784911717496,0,1,0,0,0,0,0,1,0,0,0,0,0,0,0,0,0,0
Garnier Micellar Water Facial Cleanser and Makeup Remover for Combination Skin 400ml,Cleanser,Natio,Budget,4.99,Budget,7,1,1,0.13431781701444623,0,1,0,0,0,0,0,1,0,0,0,0,0,0,0,0,0,0
Sukin Blemish Control Clearing Facial Wash 125ml,Cleanser,Sukin,Budget,9.95,Budget,24,1,1,0.2107223113964687,0,1,0,0,0,0,0,1,0,0,0,0,0,0,0,0,0,0
Origins GinZing Refreshing Scrub Cleanser 150ml,Cleanser,Origins,Mid-range,17.5,Affordable,30,1,2,0.280545746388443,0,1,0,0,0,0,0,1,0,1,0,0,0,0,0,0,0,0
L'Oréal Paris Fine Flowers Cleansing Milk 400ml,Cleanser,L'Oréal,Budget,5.99,Budget,22,1,1,0.20173354735152485,0,1,0,0,0,0,0,0,0,0,0,0,0,0,0,0,1,4
Erno Laszlo Sea Mud Deep Cleansing Bar (100g),Cleanser,Erno Laszlo,Premium,35.0,Mid-range,15,1,3,0.2559871589085072,0,1,0,0,0,0,0,1,0,1,1,0,0,0,0,0,0,0
Murad Time Release Blemish Cleanser 200ml,Cleanser,Murad,Premium,30.0,Mid-range,56,3,4,0.6031139646869984,1,1,0,0,1,1,0,1,1,0,0,0,1,0,1,1,0,2
Elemis Sensitive Cleansing Wash 200ml,Cleanser,Elemis,Premium,25.0,Affordable,29,1,2,0.2760513643659711,0,1,0,0,0,0,0,1,0,1,0,0,0,0,0,0,0,0
Clinique Pep-Start 2-in-1 Exfoliating Cleanser 125ml,Cleanser,Clinique,Mid-range,16.5,Affordable,35,4,5,0.6115890850722312,1,1,0,1,1,1,0,1,1,0,0,1,0,1,1,1,0,1
Emma Hardie Moringa Light Cleansing Gel 100ml,Cleanser,Emma,Premium,34.0,Mid-range,28,1,2,0.2715569823434992,0,1,0,0,0,0,0,1,0,1,0,0,0,0,0,0,0,0
Caudalie Instant Foaming Cleanser (50ml),Cleanser,Caudalie,Mid-range,7.5,Budget,20,1,1,0.19274478330658104,0,1,0,0,0,0,0,1,0,0,0,0,0,0,0,0,0,0
Neutrogena Hydro Boost Cleanser Wipes (25 Wipes),Cleanser,Neutrogena,Budget,4.99,Budget,20,1,3,0.27845906902086676,0,1,0,0,0,0,0,1,1,1,0,0,0,0,0,0,0,0
Garnier Pure Active Anti Blemish Soap Free Gel Wash Sensitive Skin 150ml,Cleanser,Garnier,Budget,4.99,Budget,20,2,3,0.33845906902086675,1,0,0,1,1,0,0,0,0,1,0,1,0,1,0,0,0,1
Clinique Anti Blemish Solutions Cleansing Gel 125ml,Cleanser,Clinique,Mid-range,19.0,Affordable,22,4,4,0.5103049759229534,1,1,0,1,1,1,0,1,1,0,0,1,0,1,0,0,0,1
Pai Skincare Light Work Rosehip Cleansing Oil 145ml,Cleanser,Pai,Premium,36.0,Mid-range,22,1,1,0.20173354735152485,0,1,0,0,0,0,0,0,0,0,0,0,0,0,0,0,1,4
The Ordinary Squalane Cleanser 50ml,Cleanser,The Ordinary,Budget,5.8,Budget,18,1,1,0.18375601926163723,0,1,0,0,0,0,0,1,0,0,0,0,0,0,0,0,0,0
PIXI Makeup Melting Cleansing Cloths (40 Wipes),Cleanser,PIXI,Mid-range,10.0,Budget,13,1,1,0.16128410914927768,0,1,0,0,0,0,0,1,0,0,0,0,0,0,0,0,0,0
Gallinée Prebiotic Foaming Facial Cleanser 120ml,Cleanser,Gallinée,Mid-range,12.75,Affordable,17,1,3,0.264975922953451,0,1,0,0,0,0,0,1,0,1,0,0,0,1,0,0,0,0
bareMinerals Pure Plush Cleansing Foam,Cleanser,bareMinerals,Mid-range,20.0,Affordable,20,1,2,0.23560192616372388,0,1,0,0,0,0,0,1,0,1,0,0,0,0,0,0,0,0
ESPA Optimal Skin ProCleanser 100ml,Cleanser,ESPA,Mid-range,32.0,Mid-range,27,1,1,0.22420545746388443,0,1,0,0,0,0,0,1,0,0,0,0,0,0,0,0,0,0
NIOD Sanskrit Saponins Cleanser 90ml,Cleanser,NIOD,Premium,21.0,Affordable,17,1,2,0.22211878009630814,0,1,0,0,0,0,0,1,0,1,0,0,0,0,0,0,0,0
DECLÉOR Cleansing Milk 200ml,Cleanser,DECLÉOR,Premium,18.2,Affordable,28,1,3,0.31441412520064205,0,1,0,0,0,0,0,1,1,1,0,0,0,0,0,0,0,0
Garnier Pure Active Intensive Anti-Blackhead Charcoal Gel Wash 200ml,Cleanser,Garnier,Budget,4.99,Budget,29,4,4,0.5417656500802568,1,1,0,1,1,1,0,1,0,1,0,1,0,1,0,0,0,1
Gallinée Prebiotic Cleansing Bar 100g,Cleanser,Gallinée,Mid-range,8.5,Budget,14,1,3,0.25149277688603533,0,1,0,0,0,0,0,0,1,0,1,0,0,1,0,0,0,0
Neal's Yard Remedies Rehydrating Rose Facial Wash 100ml,Cleanser,Neal's Yard Remedies,Mid-range,17.0,Affordable,17,1,1,0.1792616372391653,0,1,0,0,0,0,0,1,0,0,0,0,0,0,0,0,0,0
L'Oréal Paris Age Perfect Cleansing Wipes for Mature Skin (25 Wipes),Cleanser,L'Oréal,Budget,4.99,Budget,24,1,3,0.29643659711075443,0,1,0,0,0,0,0,1,1,1,0,0,0,0,0,0,0,0
L'Oréal Paris Fine Flowers Sensitive Skin Cleansing Face Wipes x 25,Cleanser,L'Oréal,Budget,3.99,Budget,24,1,3,0.29643659711075443,0,1,0,0,0,0,0,1,1,1,0,0,0,0,0,0,0,0
Avene Cold Cream Ultra Rich Cleansing Bar,Cleanser,Avene,Budget,5.0,Budget,23,1,2,0.24908507223113963,0,1,0,0,0,0,0,0,1,0,1,0,0,0,0,0,0,0
Estée Lauder Nutritious Micro-Algae Cleansing Bar,Cleanser,Estée Lauder,Premium,18.0,Affordable,25,1,1,0.2152166934189406,0,1,0,0,0,0,0,1,0,0,0,0,0,0,0,0,0,0
Erno Laszlo Phelityl Cleansing Bar (100g),Cleanser,Erno Laszlo,Premium,35.0,Mid-range,17,1,3,0.264975922953451,0,1,0,0,0,0,0,1,0,1,1,0,0,0,0,0,0,0
PIXI Glow Tonic 250ml,Toner,PIXI,Mid-range,18.0,Affordable,28,2,2,0.3315569823434992,1,1,1,0,0,0,0,1,0,0,0,0,0,1,0,0,0,0
PIXI Retinol Tonic 100ml,Toner,PIXI,Mid-range,10.0,Budget,26,2,2,0.32256821829855536,1,1,1,0,0,0,0,1,0,0,0,0,0,0,1,1,0,2
La Roche-Posay Effaclar Clarifying Lotion 200ml,Toner,La Roche-Posay,Mid-range,12.5,Affordable,10,4,3,0.41351524879614765,1,1,0,1,1,1,0,1,0,0,0,1,0,1,0,0,0,1
La Roche-Posay Serozinc Toner 50ml,Toner,La Roche-Posay,Mid-range,5.0,Budget,2,1,1,0.11184590690208668,0,0,0,0,1,0,0,0,0,0,0,0,0,0,0,0,1,4
Caudalie Supersize Grape Water (200ml),Toner,Caudalie,Mid-range,11.0,Affordable,3,1,1,0.11634028892455858,0,0,0,0,0,0,1,0,0,0,0,0,0,0,0,0,1,3
Liz Earle Instant Boost Skin Tonic 200ml Bottle,Toner,Liz Earle,Mid-range,16.0,Affordable,24,2,2,0.31357945425361156,0,1,1,0,0,0,0,1,0,1,0,0,0,0,0,0,0,0
PIXI Retinol Tonic 250ml,Toner,PIXI,Mid-range,18.0,Affordable,26,2,2,0.32256821829855536,1,1,1,0,0,0,0,1,0,0,0,0,0,0,1,1,0,2
PIXI Rose Tonic 100ml,Toner,PIXI,Mid-range,10.0,Budget,22,1,2,0.2445906902086677,0,1,0,0,0,0,0,1,0,1,0,0,0,0,0,0,0,0
Avène Gentle Toner 200ml,Toner,Avène,Budget,8.63,Budget,6,1,1,0.1298234349919743,0,0,0,0,0,0,1,0,0,1,0,0,0,0,0,0,0,3
Natio Rosewater & Chamomile Gentle Skin Toner (250ml),Toner,Natio,Budget,6.8,Budget,18,1,1,0.18375601926163723,0,1,0,0,0,0,0,1,0,0,0,0,0,0,0,0,0,0
Clinique Clarifying Lotion 2 200ml,Toner,Clinique,Mid-range,18.0,Affordable,12,1,2,0.19964686998394862,0,1,0,0,0,0,0,1,1,0,0,0,0,0,0,0,0,0
Clinique Clarifying Lotion 2 400ml,Toner,Clinique,Mid-range,28.0,Mid-range,13,1,2,0.20414125200642053,0,1,0,0,0,0,0,1,1,0,0,0,0,0,0,0,0,0
PIXI Rose Tonic 250ml,Toner,PIXI,Mid-range,18.0,Affordable,23,1,2,0.24908507223113963,0,1,0,0,0,0,0,1,0,1,0,0,0,0,0,0,0,0
Gallinée Prebiotic Face Vinegar 200ml,Toner,Gallinée,Mid-range,19.55,Affordable,18,1,3,0.26947030497592295,0,1,0,0,0,0,0,1,0,1,0,0,0,1,0,0,0,0
Sukin Hydrating Mist Toner (125ml),Toner,Sukin,Budget,7.95,Budget,5,1,1,0.1253290529695024,0,1,0,0,0,0,0,1,0,0,0,0,0,0,0,0,0,0
Caudalie Grape Water 75ml,Toner,Caudalie,Mid-range,6.0,Budget,3,1,1,0.11634028892455858,0,0,0,0,0,0,1,0,0,0,0,0,0,0,0,0,1,3
La Roche-Posay Soothing Lotion 200ml,Toner,La Roche-Posay,Mid-range,12.5,Affordable,7,1,1,0.13431781701444623,0,1,0,0,0,0,0,1,0,0,0,0,0,0,0,0,0,0
NIP+FAB Salicylic Fix Tonic XXL Extreme 2% 190ml,Toner,NIP+FAB,Budget,19.95,Affordable,17,5,4,0.5478330658105939,1,1,1,1,1,1,0,1,0,1,0,1,0,1,0,0,0,1
PIXI Milky Tonic 100ml,Toner,PIXI,Mid-range,10.0,Budget,30,2,3,0.38340288924558585,0,1,1,0,0,0,0,1,1,1,0,0,0,0,0,0,0,0
L'Oréal Paris Fine Flowers Cleansing Toner 400ml,Toner,L'Oréal,Budget,5.99,Budget,18,1,1,0.18375601926163723,0,1,0,0,0,0,0,1,0,0,0,0,0,0,0,0,0,0
Estée Lauder Perfectly Clean Multi-Action Toning Lotion/Refiner 200ml,Toner,Estée Lauder,Premium,21.6,Affordable,33,3,2,0.4140288924558587,0,1,0,0,1,1,0,1,0,0,0,0,0,1,0,0,0,1
Clinique Clarifying Lotion 3 200ml,Toner,Clinique,Mid-range,18.0,Affordable,16,4,3,0.44048154093097913,1,1,0,1,1,1,0,1,0,0,0,1,0,1,0,0,0,1
Clinique Clarifying Lotion 3 400ml,Toner,Clinique,Mid-range,28.0,Mid-range,16,4,3,0.44048154093097913,1,1,0,1,1,1,0,1,0,0,0,1,0,1,0,0,0,1
Estée Lauder Micro Essence Skin Activating Treatment Lotion Fresh with Sakura Ferment 200ml,Toner,Estée Lauder,Premium,79.0,Premium,27,1,3,0.30991974317817017,1,1,0,0,0,0,0,1,1,0,0,0,0,0,1,1,0,2
Lancôme Tonique Confort Toner 200ml,Toner,Lancôme,Premium,24.3,Affordable,22,1,1,0.20173354735152485,0,1,0,0,0,0,0,1,0,0,0,0,0,0,0,0,0,0
Lancôme Tonique Confort Toner 400ml,Toner,Lancôme,Premium,37.35,Mid-range,22,1,1,0.20173354735152485,0,1,0,0,0,0,0,1,0,0,0,0,0,0,0,0,0,0
OSKIA Floral Water Toner 30ml,Toner,OSKIA,Premium,14.0,Affordable,10,2,2,0.2506581059390048,0,1,1,0,0,0,0,1,0,1,0,0,0,0,0,0,0,0
First Aid Beauty Ultra Repair Wild Oat Soothing Toner 180ml,Toner,First Aid Beauty,Mid-range,19.0,Affordable,29,1,2,0.2760513643659711,0,1,0,0,0,0,0,1,0,1,0,0,0,0,0,0,0,0
Pai Lotus and Orange Blossom BioAffinity Toner 50ml,Toner,Pai,Premium,30.0,Mid-range,8,1,2,0.18166934189406098,0,1,0,0,0,0,0,1,0,0,0,0,0,1,0,0,0,0
Caudalie Moisturising Toner (100ml),Toner,Caudalie,Mid-range,9.0,Budget,12,1,2,0.19964686998394862,0,1,0,0,0,0,0,1,0,1,0,0,0,0,0,0,0,0
Garnier Organic Thyme Toner 150ml,Toner,Garnier,Budget,5.99,Budget,14,2,4,0.35434991974317814,1,0,0,1,1,0,0,1,0,1,0,1,0,1,0,0,0,1
DECLÉOR Aroma Cleanse Essential Tonifying Lotion (200ml),Toner,DECLÉOR,Premium,26.0,Mid-range,20,1,1,0.19274478330658104,0,1,0,0,0,0,0,1,0,0,0,0,0,0,0,0,0,0
NUXE Lotion Tonique Douce - Gentle Toning Lotion (200ml),Toner,NUXE,Mid-range,15.0,Affordable,15,2,2,0.27313001605136433,0,1,1,0,0,0,0,1,0,1,0,0,0,0,0,0,0,0
REN Clean Skincare Clarimatte Clarifying Toner,Toner,REN,Premium,18.0,Affordable,14,1,1,0.1657784911717496,0,0,0,0,0,0,1,0,0,0,0,0,0,0,0,0,1,3
Sanctuary Spa Daily Glow Radiance Tonic 150ml,Toner,Sanctuary Spa,Budget,10.0,Budget,39,1,5,0.44956661316211877,0,1,0,0,0,0,0,1,1,1,1,0,0,1,0,0,0,0
PIXI Milky Tonic 250ml,Toner,PIXI,Mid-range,18.0,Affordable,30,2,3,0.38340288924558585,0,1,1,0,0,0,0,1,1,1,0,0,0,0,0,0,0,0
GLAMGLOW Supertoner 200ml,Toner,GLAMGLOW,Premium,29.0,Mid-range,27,2,4,0.412776886035313,1,0,0,1,1,0,0,1,0,0,1,1,0,1,0,0,0,1
OSKIA Floral Water Toner 150ml,Toner,OSKIA,Premium,56.0,Premium,10,2,2,0.2506581059390048,0,1,1,0,0,0,0,1,0,1,0,0,0,0,0,0,0,0
Neal's Yard Remedies Rehydrating Rose Toner 200ml,Toner,Neal's Yard Remedies,Mid-range,16.0,Affordable,12,1,1,0.15678972712680578,0,1,0,0,0,0,0,1,0,0,0,0,0,0,0,0,0,0
Pai Skincare Rice Plant and Rosemary BioAffinity Skin Tonic 50ml,Toner,Pai,Premium,30.0,Mid-range,7,1,2,0.17717495987158907,0,1,0,0,0,0,0,1,0,0,0,0,0,1,0,0,0,0
Sukin Mist Lavender Toner 125ml,Toner,Sukin,Budget,7.95,Budget,11,1,1,0.15229534510433385,0,1,0,0,0,0,0,1,0,0,0,0,0,0,0,0,0,0
Elizabeth Arden Ceramide Purifying Toner (200ml),Toner,Elizabeth Arden,Premium,25.0,Affordable,23,1,2,0.24908507223113963,0,1,0,0,0,0,0,1,1,0,0,0,0,0,0,0,0,0
Garnier Natural Rose Water Toner for Sensitive Skin 200ml,Toner,Garnier,Budget,5.99,Budget,12,4,3,0.42250401284109146,1,1,0,1,1,1,0,1,0,0,0,1,0,1,0,0,0,1
Lancôme Tonique Douceur Toner 200ml,Toner,Lancôme,Premium,24.3,Affordable,19,1,1,0.18825040128410914,0,1,0,0,0,0,0,1,0,0,0,0,0,0,0,0,0,0
Lancôme Tonique Douceur Toner 400ml,Toner,Lancôme,Premium,37.35,Mid-range,19,1,1,0.18825040128410914,0,1,0,0,0,0,0,1,0,0,0,0,0,0,0,0,0,0
Murad Hydrating Toner 180ml,Toner,Murad,Premium,25.84,Mid-range,33,1,2,0.2940288924558587,0,1,0,0,0,0,0,1,0,1,0,0,0,0,0,0,0,0
NIP+FAB Vitamin C Fix Tonic 100ml,Toner,NIP+FAB,Budget,19.95,Affordable,23,2,3,0.3519422150882825,0,1,1,0,0,0,0,1,0,0,0,0,1,1,0,0,0,0
Peter Thomas Roth Glycolic Acid 8% Toner,Toner,Peter Thomas Roth,Premium,34.0,Mid-range,22,1,3,0.28744783306581057,1,1,0,0,0,0,0,1,0,1,0,0,0,1,0,0,0,0
NIP+FAB Retinol Fix Tonic Extreme 100ml,Toner,NIP+FAB,Budget,24.95,Affordable,23,2,2,0.3090850722311396,1,1,1,0,0,0,0,1,0,0,0,0,0,0,1,1,0,2
Darphin Intral Toner (200ml),Toner,Darphin,Premium,30.0,Mid-range,18,1,1,0.18375601926163723,0,1,0,0,0,0,0,0,0,1,0,0,0,0,0,0,0,0
Bobbi Brown Extra Treatment Lotion 150ml,Toner,Bobbi Brown,Premium,48.5,Mid-range,30,1,1,0.23768860353130014,0,1,0,0,0,0,0,1,0,0,0,0,0,0,0,0,0,0
MÁDARA Balancing Toner 200ml,Toner,MÁDARA,Mid-range,17.0,Affordable,20,1,3,0.27845906902086676,0,1,0,0,0,0,0,1,0,1,0,0,0,1,0,0,0,0
Natio Rehydrating Toner (200ml),Toner,Natio,Budget,10.0,Budget,14,1,1,0.1657784911717496,0,1,0,0,0,0,0,1,0,0,0,0,0,0,0,0,0,0
A'kin Rose Mist Toner 150ml,Toner,A'kin,Budget,12.5,Affordable,11,1,1,0.15229534510433385,0,1,0,0,0,0,0,1,0,0,0,0,0,0,0,0,0,0
The Organic Pharmacy Herbal Toner 100ml,Toner,The Organic Pharmacy,Premium,35.0,Mid-range,22,1,2,0.2445906902086677,0,0,0,0,0,0,1,1,0,1,0,0,0,0,0,0,0,3
Oh K! SOS PH Balancing Gel Toner,Toner,Oh,Budget,12.0,Affordable,10,2,2,0.2506581059390048,0,1,1,0,0,0,0,1,0,1,0,0,0,0,0,0,0,0
Holika Holika Good Cera Super Ceramide Toner,Toner,Holika Holika,Budget,19.95,Affordable,55,5,4,0.7186195826645264,1,1,1,1,1,1,0,1,1,1,0,0,1,0,0,0,0,1
The Ritual of Namasté Clarifying Facial Toner,Toner,The,Mid-range,11.9,Affordable,18,1,2,0.22661316211878008,0,1,0,0,0,0,0,1,0,1,0,0,0,0,0,0,0,0
Holika Holika Aloe Soothing Essence 98% Toner,Toner,Holika Holika,Budget,20.95,Affordable,22,2,2,0.3045906902086677,0,1,1,0,0,0,0,1,0,1,0,0,0,0,0,0,0,0
Mavala Clean & Comfort Caress Toning Lotion 200ml,Toner,Mavala,Budget,10.0,Budget,23,2,2,0.3090850722311396,0,1,1,0,0,0,0,1,0,1,0,0,0,0,0,0,0,0
Mavala Pore Detox Perfecting Toning Lotion 200ml,Toner,Mavala,Budget,10.0,Budget,25,1,2,0.25807383627608343,0,1,0,0,0,0,0,1,0,1,0,0,0,0,0,0,0,0
Weleda Refining Toner (100ml),Toner,Weleda,Budget,11.95,Affordable,9,1,1,0.14330658105939004,0,1,0,0,0,0,0,0,0,0,0,0,0,0,0,0,1,4
MÁDARA Clarifying Toner 200ml,Toner,MÁDARA,Mid-range,17.0,Affordable,8,4,3,0.40452648475120384,1,1,0,1,1,1,0,1,0,0,0,1,0,1,0,0,0,1
Avant Skincare Proactive Mandelic Acid Restoring and Anti-Pollution Toner 200ml,Toner,Avant,Premium,76.0,Premium,21,4,3,0.4629534510433387,0,1,1,0,1,1,0,1,0,1,0,0,0,1,0,0,0,1
Garnier Natural Aloe Extract Toner for Normal Skin 200ml,Toner,Garnier,Budget,12.99,Affordable,8,4,3,0.40452648475120384,1,1,0,1,1,1,0,1,0,0,0,1,0,1,0,0,0,1
StriVectin Tri-Phase Daily Glow Toner 147ml,Toner,StriVectin,Premium,29.0,Mid-range,45,4,5,0.6565329052969503,1,1,0,1,1,1,0,1,0,1,0,1,1,1,0,0,0,1
Holika Holika Prime Youth Black Snail Repair Toner,Toner,Pai,Premium,39.95,Mid-range,29,4,3,0.498908507223114,1,1,0,1,1,1,0,1,0,1,0,0,1,0,0,0,0,1
AromaWorks Purity Face Toner 100ml,Toner,AromaWorks,Budget,12.99,Affordable,10,1,2,0.19065810593900478,0,1,0,0,0,0,0,1,0,1,0,0,0,0,0,0,0,0
RENU Soft Touch Toner 180ml,Toner,REN,Premium,29.95,Mid-range,21,2,2,0.3000963081861958,0,1,1,0,0,0,0,1,0,1,0,0,0,0,0,0,0,0
Holika Holika AC MILD Toner,Toner,Holika Holika,Budget,19.95,Affordable,28,2,3,0.37441412520064205,0,1,1,0,0,0,0,1,1,1,0,0,0,0,0,0,0,0
Embryolisse Eau De Beaute Rosamelis - Flower Waters Toner 50ml,Toner,Embryolisse,Budget,5.99,Budget,14,1,3,0.25149277688603533,0,1,0,0,0,0,0,1,0,1,0,0,0,1,0,0,0,0
Holika Holika Less On Skin Toner,Toner,Holika Holika,Budget,21.95,Affordable,9,1,1,0.14330658105939004,0,1,0,0,0,0,0,1,0,0,0,0,0,0,0,0,0,0
By Terry Detoxilyn City Essence Toner,Toner,By,Premium,62.0,Premium,26,1,2,0.26256821829855537,0,0,0,1,0,0,0,0,0,1,0,1,0,0,0,0,0,0
First Aid Beauty KP Bump Eraser Body Scrub with 10% AHA 226ml,Exfoliator,First Aid Beauty,Mid-range,22.0,Affordable,30,1,4,0.3662600321027287,1,1,0,0,0,0,0,1,1,1,0,0,0,1,0,0,0,0
Neutrogena Refreshingly Clear Daily Exfoliator 150ml,Exfoliator,Neutrogena,Budget,4.99,Budget,16,1,2,0.21762439807383627,0,1,0,0,0,0,0,1,0,1,0,0,0,0,0,0,0,0
Frank Body Original Coffee Scrub 200g,Exfoliator,Frank,Budget,12.95,Affordable,8,1,1,0.13881219903691813,0,0,0,0,0,0,1,0,0,0,0,0,0,0,0,0,1,3
Clinique 7 Day Scrub Cream Rinse-Off Formula 100ml,Exfoliator,Clinique,Mid-range,21.0,Affordable,24,1,1,0.2107223113964687,0,1,0,0,0,0,0,0,1,0,0,0,0,0,0,0,0,0
Liz Earle Gentle Face Exfoliator 70ml Pump,Exfoliator,Liz Earle,Mid-range,16.5,Affordable,18,2,2,0.2866131621187801,0,1,1,0,0,0,0,1,1,0,0,0,0,0,0,0,0,0
Sukin Super Greens Facial Scrub 125ml,Exfoliator,Sukin,Budget,9.99,Budget,22,1,2,0.2445906902086677,0,1,0,0,0,0,0,1,1,0,0,0,0,0,0,0,0,0
Avene Gentle Exfoliating Scrub 75ml,Exfoliator,Avene,Budget,13.0,Affordable,22,4,2,0.4245906902086677,1,1,0,1,1,1,0,1,0,0,0,0,1,0,0,0,0,1
Frank Body Shimmer Scrub 220g,Exfoliator,Frank,Budget,13.95,Affordable,12,1,1,0.15678972712680578,0,0,0,0,0,0,1,0,0,0,1,0,0,0,0,0,0,3
Clinique Exfoliating Scrub 100ml,Exfoliator,Clinique,Mid-range,21.0,Affordable,14,2,3,0.31149277688603527,1,0,0,1,1,0,0,0,0,0,1,1,0,1,0,0,0,1
Neutrogena Oil Balancing Daily Exfoliator 150ml,Exfoliator,Neutrogena,Budget,4.71,Budget,18,1,2,0.22661316211878008,0,1,0,0,0,0,0,1,0,1,0,0,0,0,0,0,0,0
Frank Body Coconut Coffee Scrub 200g,Exfoliator,Frank,Budget,13.95,Affordable,12,1,1,0.15678972712680578,0,1,0,0,0,0,0,0,0,0,0,0,0,0,0,0,1,4
Neutrogena Hydro Boost Exfoliator Smoothing Gel 150ml,Exfoliator,Neutrogena,Budget,7.99,Budget,18,1,3,0.26947030497592295,1,1,0,0,0,0,0,1,0,1,0,0,0,1,0,0,0,0
JASON Brightening Apricot Scrubble (128ml),Exfoliator,JASON,Budget,5.99,Budget,19,2,3,0.3339646869983949,0,1,1,0,0,0,0,1,1,1,0,0,0,0,0,0,0,0
Frank Body Original Face Scrub Pouch,Exfoliator,Frank,Budget,4.95,Budget,28,3,2,0.39155698234349917,0,1,0,0,1,1,0,1,1,0,0,0,0,0,0,0,0,0
Origins Modern Friction™ Exfoliator 75ml,Exfoliator,Origins,Mid-range,27.0,Mid-range,43,1,3,0.3818298555377207,0,1,0,0,0,0,0,1,0,1,1,0,0,0,0,0,0,0
L'Oréal Paris Smooth Sugars Clearing Sugar Scrub 50ml,Exfoliator,L'Oréal,Budget,7.99,Budget,16,1,1,0.17476725521669342,0,1,0,0,0,0,0,1,0,0,0,0,0,0,0,0,0,0
Frank Body Peppermint Scrub 200g,Exfoliator,Frank,Budget,13.95,Affordable,15,1,2,0.21313001605136433,0,1,0,0,0,0,0,1,0,1,0,0,0,0,0,0,0,0
Elizabeth Arden Visible Difference Skin Balancing Exfoliating Cleanser (125ml),Exfoliator,Elizabeth Arden,Premium,18.0,Affordable,27,1,2,0.2670626003210273,0,1,0,0,0,0,0,1,1,0,0,0,0,0,0,0,0,0
Sanctuary Spa Complexion Perfecting Radiance Mini Exfoliator 15ml,Exfoliator,Sanctuary Spa,Budget,2.99,Budget,30,1,2,0.280545746388443,0,1,0,0,0,0,0,1,0,1,0,0,0,0,0,0,0,0
ELEMIS Superfood Blackcurrant Jelly Exfoliator 50ml,Exfoliator,Elemis,Premium,28.0,Mid-range,29,1,2,0.2760513643659711,0,1,0,0,0,0,0,1,0,1,0,0,0,0,0,0,0,0
DECLÉOR Phytopeel - Natural Exfoliating Cream (50ml),Exfoliator,DECLÉOR,Premium,23.8,Affordable,24,1,1,0.2107223113964687,0,1,0,0,0,0,0,0,0,0,0,0,0,0,0,0,1,4
Frank Body Lip Scrub 15ml,Exfoliator,Frank,Budget,8.95,Budget,12,1,1,0.15678972712680578,0,1,0,0,0,0,0,0,0,0,0,0,0,0,0,0,1,4
NIP+FAB Glycolic Fix Exfoliating Mask 18g,Exfoliator,NIP+FAB,Budget,7.0,Budget,19,2,3,0.3339646869983949,1,1,1,0,0,0,0,1,0,1,0,0,0,1,0,0,0,0
NYX Professional Makeup This is Everything Lip Scrub,Exfoliator,NYX,Budget,6.0,Budget,18,1,1,0.18375601926163723,0,1,0,0,0,0,0,0,0,0,0,0,0,0,0,0,1,4
Garnier Pure Active Daily Energising Gel Scrub for Oily Skin 150ml,Exfoliator,Garnier,Budget,4.99,Budget,31,4,4,0.5507544141252007,1,1,0,1,1,1,0,1,0,1,0,1,0,1,0,0,0,1
DECLÉOR 1000 Grain Body Exfoliator (200ml),Exfoliator,DECLÉOR,Premium,21.0,Affordable,9,1,1,0.14330658105939004,0,1,0,0,0,0,0,0,0,0,0,0,0,0,0,0,1,4
Frank Body Cacao Coffee Scrub 200g,Exfoliator,Frank,Budget,13.95,Affordable,12,1,1,0.15678972712680578,0,1,0,0,0,0,0,0,0,0,0,0,0,0,0,0,1,4
L'Oréal Paris Smooth Sugars Glowing Sugar Scrub 50ml,Exfoliator,L'Oréal,Budget,7.99,Budget,32,1,2,0.28953451043338685,0,1,0,0,0,0,0,1,0,1,0,0,0,0,0,0,0,0
Mama Mio The Tummy Rub Scrub 180ml,Exfoliator,Mama Mio,Mid-range,18.0,Affordable,27,1,3,0.30991974317817017,0,1,0,0,0,0,0,1,1,0,0,0,0,1,0,0,0,0
Lancôme Confort Hydrating Gentle Sugar Scrub 100ml,Exfoliator,Lancôme,Premium,27.45,Mid-range,20,5,3,0.5184590690208668,1,1,1,1,1,1,0,1,0,0,0,1,0,1,0,0,0,1
Sukin Energising Body Scrub with Coffee and Coconut 200ml,Exfoliator,Sukin,Budget,11.95,Affordable,19,1,2,0.231107544141252,0,1,0,0,0,0,0,1,1,0,0,0,0,0,0,0,0,0
benefit Smooth It Off 2-in-1 Facial Cleansing Exfoliator ,Exfoliator,benefit,Mid-range,21.5,Affordable,29,1,3,0.3189085072231139,0,1,0,0,0,0,0,1,1,0,1,0,0,0,0,0,0,0
bareMinerals Poreless Exfoliating Essence 150ml,Exfoliator,bareMinerals,Mid-range,22.0,Affordable,21,1,1,0.19723916532905297,0,1,0,0,0,0,0,1,0,0,0,0,0,0,0,0,0,0
Frank Body Creamy Face Scrub 125ml,Exfoliator,Frank,Budget,15.95,Affordable,24,1,2,0.25357945425361156,0,1,0,0,0,0,0,1,1,0,0,0,0,0,0,0,0,0
Gallinée Prebiotic Face Mask and Scrub 100ml,Exfoliator,Gallinée,Mid-range,15.3,Affordable,32,4,3,0.5123916532905297,0,1,1,0,1,1,0,1,1,0,0,0,0,1,0,0,0,1
Dr Brandt Microdermabrasion Skin Exfoliant (60g),Exfoliator,Dr,Premium,64.0,Premium,33,2,4,0.4397431781701444,0,1,1,0,0,0,0,1,1,1,0,0,0,1,0,0,0,0
Filorga Scrub and Mask 55ml,Exfoliator,Filorga,Mid-range,44.0,Mid-range,89,2,4,0.6914285714285714,1,0,0,1,1,0,0,1,0,0,1,0,1,0,1,1,0,2
Sanctuary Spa Complexion Perfecting Radiance Exfoliator 100ml,Exfoliator,Sanctuary Spa,Budget,10.0,Budget,31,1,2,0.2850401284109149,0,1,0,0,0,0,0,1,0,1,0,0,0,0,0,0,0,0
Indeed Labs Exfoliator II 75g,Exfoliator,Indeed Labs,Mid-range,24.99,Affordable,22,1,1,0.20173354735152485,0,1,0,0,0,0,0,1,0,0,0,0,0,0,0,0,0,0
The Ritual of Namasté Skin Brightening Face Exfoliator,Exfoliator,The,Mid-range,12.9,Affordable,29,1,4,0.3617656500802568,0,1,0,0,0,0,0,1,1,1,0,0,0,1,0,0,0,0
Natio Gentle Facial Scrub (100g),Exfoliator,Natio,Budget,10.0,Budget,18,2,3,0.32947030497592295,0,1,1,0,0,0,0,1,1,1,0,0,0,0,0,0,0,0
NUXE Fondant Body Scrub (200ml),Exfoliator,NUXE,Mid-range,18.5,Affordable,29,1,2,0.2760513643659711,0,1,0,0,0,0,0,1,1,0,0,0,0,0,0,0,0,0
DHC Facial Scrub (100g),Exfoliator,DHC,Mid-range,16.0,Affordable,13,1,1,0.16128410914927768,0,0,1,0,0,0,0,0,0,1,0,0,0,0,0,0,0,0
L'Oréal Paris Smooth Sugar Wake-Up Coffee Face and Lip Scrub 50ml,Exfoliator,L'Oréal,Budget,9.99,Budget,14,1,1,0.1657784911717496,0,1,0,0,0,0,0,1,0,0,0,0,0,0,0,0,0,0
Oh K! Chok Chok Shimmer Face Scrub,Exfoliator,Oh,Budget,10.0,Budget,29,2,3,0.378908507223114,0,1,1,0,0,0,0,1,1,1,0,0,0,0,0,0,0,0
Holika Holika Pig Nose Clear Blackhead Cleansing Sugar Scrub,Exfoliator,Holika Holika,Budget,9.95,Budget,31,3,3,0.4478972712680578,0,1,0,0,1,1,0,1,1,1,0,0,0,0,0,0,0,1
MAC Mineralize Volcanic Ash Exfoliator,Exfoliator,MAC,Mid-range,23.0,Affordable,16,1,2,0.21762439807383627,0,1,0,0,0,0,0,1,0,1,0,0,0,0,0,0,0,0
L'Oréal Paris Smooth Sugars Nourishing Sugar Scrub 50ml,Exfoliator,L'Oréal,Budget,7.99,Budget,31,1,2,0.2850401284109149,0,1,0,0,0,0,0,1,0,1,0,0,0,0,0,0,0,0
Natio Dual Action Cleanser And Exfoliator (100g),Exfoliator,Natio,Budget,12.0,Affordable,23,1,2,0.24908507223113963,0,1,0,0,0,0,0,1,1,0,0,0,0,0,0,0,0,0
Polaar Arctic Cotton Gentle Scrub 50ml,Exfoliator,Polaar,Mid-range,25.0,Affordable,21,2,3,0.3429534510433387,0,1,1,0,0,0,0,1,1,1,0,0,0,0,0,0,0,0
Löwengrip Purify my Skin Facial Scrub 75ml,Exfoliator,Löwengrip,Mid-range,18.0,Affordable,23,5,3,0.5319422150882824,1,1,1,1,1,1,0,1,0,1,0,0,1,0,0,0,0,1
ilapothecary Powerful Purifying Face Scrub 50g,Exfoliator,ilapothecary,Premium,27.0,Mid-range,15,1,1,0.1702728731942215,0,1,0,0,0,0,0,1,0,0,0,0,0,0,0,0,0,0
Chantecaille Hibiscus and Bamboo Exfoliating Cream,Exfoliator,Chantecaille,Premium,73.0,Premium,44,1,6,0.5148956661316212,1,1,0,0,0,0,0,1,1,0,1,0,1,1,1,1,0,2
Avant Skincare Velvet Perfecting Rose Sugar Lip Scrub 10ml,Exfoliator,Avant,Premium,58.0,Premium,30,2,2,0.340545746388443,0,1,1,0,0,0,0,1,0,1,0,0,0,0,0,0,0,0
Löwengrip Advanced Skin Care Cell Renewal Facial Exfoliant 75ml,Exfoliator,REN,Premium,43.0,Mid-range,11,4,2,0.3751524879614767,1,1,0,1,1,1,0,0,0,0,0,1,0,1,0,0,0,1
Talika Skintelligence Hydra Face Gentle Scrub 50ml,Exfoliator,Talika,Premium,27.9,Mid-range,21,1,4,0.3258105939004815,0,1,0,0,0,0,0,1,1,1,0,0,0,1,0,0,0,0
INIKA Phytofuse Renew Caviar Lime Exfoliator,Exfoliator,REN,Premium,33.0,Mid-range,29,1,1,0.23319422150882824,0,1,0,0,0,0,0,1,0,0,0,0,0,0,0,0,0,0
Westlab Epsom Salt 1kg,Bath Salts,Westlab,Budget,3.33,Budget,1,1,1,0.10735152487961475,0,0,0,0,0,0,1,0,0,0,0,0,0,0,0,0,1,3
Westlab Epsom Salt 5kg,Bath Salts,Westlab,Budget,14.99,Affordable,1,1,1,0.10735152487961475,0,0,0,0,0,0,1,0,0,0,0,0,0,0,0,0,1,3
Westlab Dead Sea Salt 1kg,Bath Salts,Westlab,Budget,3.33,Budget,1,1,1,0.10735152487961475,0,0,0,0,0,0,1,0,0,0,0,0,0,0,0,0,1,3
Westlab Dead Sea Salt 5kg,Bath Salts,Westlab,Budget,14.99,Affordable,1,1,1,0.10735152487961475,0,0,0,0,0,0,1,0,0,0,0,0,0,0,0,0,1,3
Westlab Epsom Salt 2kg,Bath Salts,Westlab,Budget,5.33,Budget,1,1,1,0.10735152487961475,0,0,0,0,0,0,1,0,0,0,0,0,0,0,0,0,1,3
Westlab Sleep Bathing Salts 1kg,Bath Salts,Westlab,Budget,6.99,Budget,8,1,1,0.13881219903691813,0,1,0,0,0,0,0,0,0,1,0,0,0,0,0,0,0,0
Westlab Himalayan Salt 1kg,Bath Salts,Westlab,Budget,3.33,Budget,1,1,1,0.10735152487961475,0,0,0,0,0,0,1,0,0,0,0,0,0,0,0,0,1,3
Westlab Recover Bathing Salts 1kg,Bath Salts,Westlab,Budget,6.99,Budget,8,1,1,0.13881219903691813,0,1,0,0,0,0,0,0,0,0,0,0,0,0,0,0,1,4
Westlab Mindful Bathing Salts 1kg,Bath Salts,Westlab,Budget,6.99,Budget,13,1,1,0.16128410914927768,0,1,0,0,0,0,0,0,0,0,0,0,0,0,0,0,1,4
Westlab Reviving Epsom Salt Bath Fizzer,Bath Salts,Westlab,Budget,3.49,Budget,9,1,1,0.14330658105939004,0,0,0,0,0,0,1,0,0,0,0,0,0,0,0,0,1,3
Westlab Relaxing Dead Sea Salt Bath Fizzer,Bath Salts,Westlab,Budget,3.49,Budget,9,1,1,0.14330658105939004,0,0,0,0,0,0,1,0,0,0,0,0,0,0,0,0,1,3
Westlab Cleanse Bathing Salts 1kg,Bath Salts,Westlab,Budget,6.99,Budget,17,1,1,0.1792616372391653,0,1,0,0,0,0,0,0,0,0,0,0,0,0,0,0,1,4
Bubble T Summer Fruits Tea Bath Bomb Fizzers (10 x 8g),Bath Salts,Bubble,Budget,5.99,Budget,15,1,1,0.1702728731942215,0,0,0,0,0,0,1,0,0,1,0,0,0,0,0,0,0,3
Bubble T Bath Fizzer - Hibiscus & Acai Berry Tea 180g,Bath Salts,Bubble,Budget,3.0,Budget,12,1,1,0.15678972712680578,0,0,0,0,0,0,1,0,0,0,0,0,0,0,0,0,1,3
Westlab Himalayan Salt 5kg,Bath Salts,Westlab,Budget,14.99,Affordable,1,1,1,0.10735152487961475,0,0,0,0,0,0,1,0,0,0,0,0,0,0,0,0,1,3
Westlab Cleansing Himalayan Salt Bath Fizzer,Bath Salts,Westlab,Budget,3.49,Budget,16,1,1,0.17476725521669342,0,1,0,0,0,0,0,0,0,1,0,0,0,0,0,0,0,0
AHAVA Liquid Dead Sea Salt 200ml,Bath Salts,AHAVA,Budget,19.99,Affordable,10,1,1,0.14780096308186194,0,0,0,0,0,0,1,0,0,1,0,0,0,0,0,0,0,3
Sea Magik Salted Turmeric Serenity Salts 1kg,Bath Salts,REN,Premium,8.99,Budget,14,1,1,0.1657784911717496,0,0,0,0,0,0,1,0,0,0,0,0,0,0,0,0,1,3
Sanctuary Spa Exquisite Bath Salts (Rose Radiance) 350g,Bath Salts,Sanctuary Spa,Budget,16.0,Affordable,24,1,2,0.25357945425361156,0,1,0,0,0,0,0,0,0,1,1,0,0,0,0,0,0,0
Sea Magik Himalayan Spa Salts 1kg,Bath Salts,Sea,Budget,5.99,Budget,1,1,1,0.10735152487961475,0,0,0,0,0,0,1,0,0,0,0,0,0,0,0,0,1,3
Bubble T Bath Salts Moroccan Mint Tea 500g,Bath Salts,Bubble,Budget,4.99,Budget,9,1,1,0.14330658105939004,0,1,0,0,0,0,0,0,0,0,0,0,0,0,0,0,1,4
Bubble T Bath Salts Hibiscus & Acai Berry Tea 500g,Bath Salts,Bubble,Budget,4.99,Budget,10,1,1,0.14780096308186194,0,1,0,0,0,0,0,1,0,0,0,0,0,0,0,0,0,0
Ortigia Fico d'India Bath Salts (500g),Bath Salts,Ortigia,Mid-range,22.0,Affordable,1,1,1,0.10735152487961475,0,0,0,0,0,0,1,0,0,0,0,0,0,0,0,0,1,3
Sea Magik Epsom Spa Salts 1kg,Bath Salts,Sea,Budget,5.99,Budget,1,1,1,0.10735152487961475,0,0,0,0,0,0,1,0,0,0,0,0,0,0,0,0,1,3
Sea Magik Activated Charcoal Salts 1kg,Bath Salts,Sea,Budget,8.99,Budget,5,1,1,0.1253290529695024,0,0,0,0,0,0,1,0,0,0,0,0,0,0,0,0,1,3
Sea Magik Epsom Spa Salts 5kg,Bath Salts,Sea,Budget,19.95,Affordable,1,1,1,0.10735152487961475,0,0,0,0,0,0,1,0,0,0,0,0,0,0,0,0,1,3
Spa Magik Organiks Sleep Therapy Deep Sleep Lavender Bath Salts,Bath Salts,Spa,Budget,12.5,Affordable,21,1,1,0.19723916532905297,0,1,0,0,0,0,0,1,0,0,0,0,0,0,0,0,0,0
Cowshed SLEEP Calming Bath Salts,Bath Salts,Cowshed,Mid-range,18.0,Affordable,23,1,1,0.20622792937399678,0,1,0,0,0,0,0,1,0,0,0,0,0,0,0,0,0,0
Mauli Himalayan Healing Salts 460g,Bath Salts,Mauli,Premium,42.0,Mid-range,22,1,1,0.20173354735152485,0,0,0,0,0,0,1,0,0,0,0,0,0,0,0,0,1,3
Spa Magik Organiks Muscle Therapy Ache Away Eucalyptus Bath Salts,Bath Salts,Spa,Budget,12.5,Affordable,9,1,1,0.14330658105939004,0,1,0,0,0,0,0,1,0,0,0,0,0,0,0,0,0,0
L:A BRUKET No. 090 Sea Salt Bath Salt 300g,Bath Salts,L:A,Mid-range,6.0,Budget,1,1,1,0.10735152487961475,0,0,0,0,0,0,1,0,0,0,0,0,0,0,0,0,1,3
AHAVA Natural Dead Sea Bath Salts,Bath Salts,AHAVA,Budget,6.49,Budget,1,1,1,0.10735152487961475,0,0,0,0,0,0,1,0,0,0,0,0,0,0,0,0,1,3
"L:A BRUKET Marigold, Orange and Geranium Sea Salt Bath 450g",Bath Salts,L:A,Mid-range,23.0,Affordable,5,1,1,0.1253290529695024,0,0,0,0,0,0,1,0,0,0,0,0,0,0,0,0,1,3
Bubble T Bath Salts Lemongrass & Green Tea 500g,Bath Salts,Bubble,Budget,4.99,Budget,11,1,1,0.15229534510433385,0,1,0,0,0,0,0,0,0,0,0,0,0,0,0,0,1,4
ila-spa Bath Salts for Cleansing 500g,Bath Salts,ila-spa,Premium,39.2,Mid-range,11,1,1,0.15229534510433385,0,1,0,0,0,0,0,0,0,0,0,0,0,0,0,0,1,4
Sea Magik Himalayan Spa Salts 5kg,Bath Salts,Sea,Budget,19.95,Affordable,1,1,1,0.10735152487961475,0,0,0,0,0,0,1,0,0,0,0,0,0,0,0,0,1,3
Westlab Cleansing Shower Wash with Pure Himalayan Salt Minerals 400ml,Body Wash,Westlab,Budget,1.99,Budget,14,1,2,0.20863563402889246,0,1,0,0,0,0,0,1,0,1,0,0,0,0,0,0,0,0
Westlab Reviving Shower Wash with Pure Epsom Salt Minerals 400ml,Body Wash,Westlab,Budget,1.99,Budget,18,1,2,0.22661316211878008,0,1,0,0,0,0,0,1,0,1,0,0,0,0,0,0,0,0
AMELIORATE Nourishing Body Wash 200ml,Body Wash,AMELIORATE,Mid-range,10.5,Affordable,42,2,3,0.4373354735152488,0,1,1,0,0,0,0,1,0,1,0,0,0,1,0,0,0,0
Bulldog Lemon & Bergamot Shower Gel 500ml,Body Wash,Bulldog,Budget,3.38,Budget,14,1,2,0.20863563402889246,0,1,0,0,0,0,0,1,0,1,0,0,0,0,0,0,0,0
Molton Brown Coastal Cypress & Sea Fennel Bath and Shower Gel 300ml,Body Wash,Molton,Mid-range,22.0,Affordable,41,2,3,0.4328410914927769,0,1,0,1,0,0,0,1,0,1,0,1,0,0,0,0,0,0
Molton Brown Black Peppercorn Body Wash 300ml,Body Wash,Molton,Mid-range,22.0,Affordable,37,2,3,0.4148635634028892,0,1,0,1,0,0,0,1,0,1,0,1,0,0,0,0,0,0
Bulldog Peppermint & Eucalyptus Shower Gel 500ml,Body Wash,Bulldog,Budget,3.38,Budget,12,1,2,0.19964686998394862,0,1,0,0,0,0,0,1,0,1,0,0,0,0,0,0,0,0
Molton Brown Delicious Rhubarb and Rose Bath and Shower Gel (300ml),Body Wash,Molton,Mid-range,22.0,Affordable,35,4,3,0.5258747993579455,1,1,0,1,1,1,0,1,0,0,0,1,0,1,0,0,0,1
Elizabeth Arden White Tea Shower Gel 400ml,Body Wash,Elizabeth Arden,Premium,13.0,Affordable,19,1,1,0.18825040128410914,0,0,0,0,0,0,1,0,0,0,0,0,0,0,0,0,1,3
Bulldog Original Shower Gel 500ml,Body Wash,Bulldog,Budget,3.38,Budget,21,1,1,0.19723916532905297,0,1,0,0,0,0,0,1,0,0,0,0,0,0,0,0,0,0
L'Oréal Paris Men Expert Total Clean Shower Gel 300ml,Body Wash,L'Oréal,Budget,2.99,Budget,29,4,4,0.5417656500802568,1,1,0,1,1,1,0,1,0,1,0,1,0,1,0,0,0,1
Molton Brown Fiery Pink Bath and Shower Gel 300ml,Body Wash,Molton,Mid-range,22.0,Affordable,33,2,2,0.3540288924558587,0,1,0,1,0,0,0,0,0,1,0,1,0,0,0,0,0,0
Jo Malone London Lime Basil and Mandarin Soap 100g,Body Wash,Jo,Mid-range,16.0,Affordable,36,1,2,0.30751203852327447,0,1,0,0,0,0,0,1,1,0,0,0,0,0,0,0,0,0
ESPA Bergamot and Jasmine Bath and Shower Gel 250ml,Body Wash,ESPA,Mid-range,19.0,Affordable,37,1,1,0.2691492776886035,0,1,0,0,0,0,0,0,0,1,0,0,0,0,0,0,0,0
Molton Brown Orange & Bergamot Bath and Shower Gel,Body Wash,Molton,Mid-range,22.0,Affordable,29,2,3,0.378908507223114,0,1,0,1,0,0,0,1,0,1,0,1,0,0,0,0,0,0
Sanctuary Spa Classic Body Wash 250ml,Body Wash,Sanctuary Spa,Budget,6.0,Budget,29,2,4,0.4217656500802568,0,1,0,1,0,0,0,1,0,1,1,1,0,0,0,0,0,0
Sukin Botanical Body Wash (500ml),Body Wash,Sukin,Budget,9.95,Budget,21,1,1,0.19723916532905297,0,1,0,0,0,0,0,1,0,0,0,0,0,0,0,0,0,0
Molton Brown Russian Leather Bath & Shower Gel 300ml,Body Wash,Molton,Mid-range,22.0,Affordable,30,2,3,0.38340288924558585,0,1,0,1,0,0,0,1,0,1,0,1,0,0,0,0,0,0
Burt's Bees Baby Bee Shampoo & Body Wash (236ml),Body Wash,Burt's,Budget,8.49,Budget,23,1,1,0.20622792937399678,0,1,0,0,0,0,0,1,0,0,0,0,0,0,0,0,0,0
Bulldog Black Pepper & Vetiver Shower Gel 500ml,Body Wash,Bulldog,Budget,3.38,Budget,14,1,2,0.20863563402889246,0,1,0,0,0,0,0,1,0,1,0,0,0,0,0,0,0,0
Rituals The Ritual of Sakura Foaming Shower Gel (200ml),Body Wash,Rituals,Budget,8.5,Budget,26,1,2,0.26256821829855537,0,1,0,0,0,0,0,1,0,1,0,0,0,0,0,0,0,0
Molton Brown Jasmine & Sun Rose Bath & Shower Gel,Body Wash,Molton,Mid-range,22.0,Affordable,32,2,3,0.3923916532905297,0,1,0,1,0,0,0,1,0,1,0,1,0,0,0,0,0,0
Molton Brown Ylang-Ylang Bath and Shower Gel 300ml,Body Wash,Molton,Mid-range,22.0,Affordable,30,2,3,0.38340288924558585,0,1,0,1,0,0,0,1,0,1,0,1,0,0,0,0,0,0
Bioderma Atoderm Shower Gel 1L,Body Wash,Bioderma,Budget,13.5,Affordable,18,1,1,0.18375601926163723,0,1,0,0,0,0,0,1,0,0,0,0,0,0,0,0,0,0
Molton Brown Tobacco Absolute Bath and Shower Gel (300ml),Body Wash,Molton,Mid-range,22.0,Affordable,34,2,3,0.40138041733547347,0,1,0,1,0,0,0,1,0,1,0,1,0,0,0,0,0,0
La Roche-Posay Lipikar Syndet AP(+) Shower Gel 400ml,Body Wash,La Roche-Posay,Mid-range,16.5,Affordable,19,4,3,0.4539646869983949,1,1,0,1,1,1,0,1,0,1,0,0,1,0,0,0,0,1
DECLÉOR Luxury Size Neroli Shower Gel 400ml,Body Wash,DECLÉOR,Premium,17.5,Affordable,16,4,4,0.48333868378812195,1,1,0,1,1,1,0,1,0,1,0,1,0,1,0,0,0,1
Bondi Sands Body Wash - Coconut 500ml,Body Wash,Bondi,Budget,7.99,Budget,18,1,2,0.22661316211878008,0,1,0,0,0,0,0,1,0,1,0,0,0,0,0,0,0,0
Molton Brown Eucalyptus Body Wash,Body Wash,Molton,Mid-range,22.0,Affordable,34,2,3,0.40138041733547347,0,1,0,1,0,0,0,1,0,1,0,1,0,0,0,0,0,0
Molton Brown Oudh Accord and Gold Body Wash (300ml),Body Wash,Molton,Mid-range,24.0,Affordable,35,2,3,0.40587479935794546,0,1,0,1,0,0,0,1,0,1,0,1,0,0,0,0,0,0
Bloom & Blossom George's Candy Floss & Marshmallow Handwash,Body Wash,Bloom,Budget,3.19,Budget,9,1,1,0.14330658105939004,0,0,0,0,0,0,1,0,0,1,0,0,0,0,0,0,0,3
L'Oréal Paris Men Expert Hydra Power Shower Gel 300ml,Body Wash,L'Oréal,Budget,2.99,Budget,23,4,4,0.5147993579454253,1,1,0,1,1,1,0,1,0,1,0,1,0,1,0,0,0,1
Jo Malone London Lime Basil and Mandarin Body and Hand Wash 100ml,Body Wash,Jo,Mid-range,16.0,Affordable,30,1,2,0.280545746388443,0,0,0,0,0,0,1,1,1,0,0,0,0,0,0,0,0,3
Jo Malone London Lime Basil and Mandarin Body and Hand Wash 250ml,Body Wash,Jo,Mid-range,32.0,Mid-range,30,1,2,0.280545746388443,0,0,0,0,0,0,1,1,1,0,0,0,0,0,0,0,0,3
Aveeno Baby Daily Care Baby Gentle Wash 500ml,Body Wash,Aveeno,Budget,6.0,Budget,27,1,2,0.2670626003210273,0,1,0,0,0,0,0,1,0,1,0,0,0,0,0,0,0,0
L'Oréal Paris Men Expert Clean Power Shower Gel 300ml,Body Wash,L'Oréal,Budget,2.99,Budget,23,4,4,0.5147993579454253,1,1,0,1,1,1,0,1,0,1,0,1,0,1,0,0,0,1
Weleda Baby Calendula Shampoo and Body Wash (200ml),Body Wash,Weleda,Budget,7.95,Budget,13,1,2,0.20414125200642053,0,1,0,0,0,0,0,1,0,0,0,0,0,1,0,0,0,0
Bioderma Pigmentbio Brightening Face and Body Cleanser 200ml,Body Wash,Bioderma,Budget,15.0,Affordable,29,2,3,0.378908507223114,0,1,0,1,0,0,0,1,0,1,0,1,0,0,0,0,0,0
Aveeno Daily Moisturising Yogurt Body Wash Vanilla & Oat Scented 300ml,Body Wash,Aveeno,Budget,7.82,Budget,20,1,3,0.27845906902086676,0,1,0,0,0,0,0,1,0,1,0,0,0,1,0,0,0,0
Rituals The Ritual of Ayurveda Foaming Shower Gel 200ml,Body Wash,Rituals,Budget,8.5,Budget,22,1,1,0.20173354735152485,0,1,0,0,0,0,0,0,0,1,0,0,0,0,0,0,0,0
Bioderma Atoderm Shower Oil 200ml,Body Wash,Bioderma,Budget,9.0,Budget,20,4,3,0.45845906902086675,1,1,0,1,1,1,0,1,0,1,0,0,1,0,0,0,0,1
Aveeno Baby Daily Care Hair & Body Wash 500ml,Body Wash,Aveeno,Budget,7.99,Budget,16,1,2,0.21762439807383627,0,1,0,0,0,0,0,1,0,1,0,0,0,0,0,0,0,0
Rituals The Ritual of Ayurveda Shower Oil 200ml,Body Wash,Rituals,Budget,8.5,Budget,30,1,2,0.280545746388443,0,1,0,0,0,0,0,1,0,1,0,0,0,0,0,0,0,0
L'Oréal Paris Men Expert Cool Power Shower Gel 300ml,Body Wash,L'Oréal,Budget,2.99,Budget,22,4,4,0.5103049759229534,1,1,0,1,1,1,0,1,0,1,0,1,0,1,0,0,0,1
Molton Brown Vetiver & Grapefruit Bath and Shower Gel 300ml,Body Wash,Molton,Mid-range,22.0,Affordable,32,2,3,0.3923916532905297,0,1,0,1,0,0,0,1,0,1,0,1,0,0,0,0,0,0
Jo Malone London Pomegranate Noir Body and Hand Wash 100ml,Body Wash,Jo,Mid-range,16.0,Affordable,29,1,2,0.2760513643659711,0,1,0,0,0,0,0,1,0,1,0,0,0,0,0,0,0,0
Jo Malone London Pomegranate Noir Body and Hand Wash 250ml,Body Wash,Jo,Mid-range,32.0,Mid-range,29,1,2,0.2760513643659711,0,1,0,0,0,0,0,1,0,1,0,0,0,0,0,0,0,0
Sanctuary Spa Body Wash 75ml,Body Wash,Sanctuary Spa,Budget,2.5,Budget,29,2,4,0.4217656500802568,0,1,0,1,0,0,0,1,0,1,1,1,0,0,0,0,0,0
Shea Moisture African Black Soap Soothing Body Wash 384ml,Body Wash,Shea,Budget,11.99,Affordable,23,1,3,0.2919422150882825,0,1,0,0,0,0,0,1,1,1,0,0,0,0,0,0,0,0
Jo Malone London Peony and Blush Suede Body and Hand Wash 250ml,Body Wash,Jo,Mid-range,32.0,Mid-range,11,1,1,0.15229534510433385,0,1,0,0,0,0,0,0,0,1,0,0,0,0,0,0,0,0
REN Moroccan Rose Otto Body Wash,Body Wash,REN,Premium,20.0,Affordable,20,2,2,0.2956019261637239,0,1,1,0,0,0,0,1,0,0,0,0,0,1,0,0,0,0
L'Oréal Paris Men Expert Hydra Energetic Shower Gel 300ml,Body Wash,L'Oréal,Budget,2.99,Budget,18,1,2,0.22661316211878008,0,1,0,0,0,0,0,1,0,1,0,0,0,0,0,0,0,0
ManCave Cedarwood Shower Gel 200ml,Body Wash,ManCave,Budget,3.0,Budget,37,1,1,0.2691492776886035,0,1,0,0,0,0,0,1,0,0,0,0,0,0,0,0,0,0
Aveeno Skin Relief Moisturising Body Wash 500ml,Body Wash,Aveeno,Budget,9.99,Budget,20,1,2,0.23560192616372388,0,1,0,0,0,0,0,1,0,1,0,0,0,0,0,0,0,0
Bloom and Blossom The Very Hungry Caterpillar Baby Hair & Body Wash 200ml,Body Wash,Bloom,Budget,3.99,Budget,15,1,1,0.1702728731942215,0,0,0,0,0,0,1,0,0,1,0,0,0,0,0,0,0,3
Rituals The Ritual of Happy Buddha Shower Oil 200ml,Body Wash,Rituals,Budget,8.5,Budget,15,1,1,0.1702728731942215,0,1,0,0,0,0,0,0,0,0,0,0,0,0,0,0,1,4
Sanctuary Spa Classic 12 Hour Shower Cream 250ml,Body Wash,Sanctuary Spa,Budget,6.5,Budget,22,1,2,0.2445906902086677,0,1,0,0,0,0,0,1,0,1,0,0,0,0,0,0,0,0
Aveeno Daily Moisturising Body Wash 300ml,Body Wash,Aveeno,Budget,6.99,Budget,19,1,2,0.231107544141252,0,1,0,0,0,0,0,1,0,1,0,0,0,0,0,0,0,0
DECLÉOR Luxury Size Lavender Shower Gel 400ml,Body Wash,DECLÉOR,Premium,17.5,Affordable,15,4,4,0.47884430176565007,1,1,0,1,1,1,0,1,0,1,0,1,0,1,0,0,0,1
Pai Skincare Gentle Genius Camellia and Bergamot Body Wash 200ml,Body Wash,Pai,Premium,18.0,Affordable,29,1,2,0.2760513643659711,0,1,0,0,0,0,0,1,0,0,0,0,0,1,0,0,0,0
REN Clean Skincare Atlantic Kelp and Magnesium Anti-Fatigue Body Wash 300ml - Ocean Plastic,Body Wash,REN,Premium,22.0,Affordable,28,2,2,0.3315569823434992,0,1,1,0,0,0,0,1,0,1,0,0,0,0,0,0,0,0
AMELIORATE Nourishing Body Wash 60ml,Body Wash,AMELIORATE,Mid-range,5.0,Budget,42,2,3,0.4373354735152488,0,1,1,0,0,0,0,1,0,1,0,0,0,1,0,0,0,0
Bloom & Blossom James' Sweet Peach Handwash,Body Wash,Bloom,Budget,3.19,Budget,10,1,1,0.14780096308186194,0,0,0,0,0,0,1,0,0,1,0,0,0,0,0,0,0,3
Bioderma Atoderm Intensive Foaming Gel 500ml,Body Wash,Bioderma,Budget,12.8,Affordable,15,2,2,0.27313001605136433,1,0,0,1,1,0,0,0,0,1,0,0,1,0,0,0,0,1
Aesop Animal Body Wash 500ml,Body Wash,Aesop,Premium,27.0,Mid-range,18,1,1,0.18375601926163723,0,1,0,0,0,0,0,1,0,0,0,0,0,0,0,0,0,0
ESPA Energising Bath and Shower Gel 250ml,Body Wash,ESPA,Mid-range,22.0,Affordable,29,1,2,0.2760513643659711,0,1,0,0,0,0,0,1,0,1,0,0,0,0,0,0,0,0
Molton Brown Bushukan Bath and Shower Gel,Body Wash,Molton,Mid-range,22.0,Affordable,35,2,3,0.40587479935794546,0,1,0,1,0,0,0,1,0,1,0,1,0,0,0,0,0,0
JASON Soothing Aloe Vera Body Wash 887ml,Body Wash,JASON,Budget,8.24,Budget,27,2,2,0.3270626003210273,0,1,1,0,0,0,0,1,0,1,0,0,0,0,0,0,0,0
DECLÉOR Luxury Size Rose Shower Gel 400ml,Body Wash,DECLÉOR,Premium,17.5,Affordable,15,4,4,0.47884430176565007,1,1,0,1,1,1,0,1,0,1,0,1,0,1,0,0,0,1
NEOM Tranquillity Body & Hand Wash 250ml,Body Wash,NEOM,Mid-range,18.0,Affordable,21,1,2,0.24009630818619582,0,1,0,0,0,0,0,1,0,1,0,0,0,0,0,0,0,0
Aveeno Baby Dermexa Moisturising Wash 300ml,Body Wash,Aveeno,Budget,9.99,Budget,24,2,3,0.35643659711075437,0,1,1,0,0,0,0,1,1,1,0,0,0,0,0,0,0,0
ManCave Lemon and Oak Shower Gel 200ml,Body Wash,ManCave,Budget,3.0,Budget,25,1,1,0.2152166934189406,0,1,0,0,0,0,0,1,0,0,0,0,0,0,0,0,0,0
Shea Moisture 100% Virgin Coconut Oil Daily Hydration Body Wash 384ml,Body Wash,Shea,Budget,10.99,Affordable,18,1,1,0.18375601926163723,0,1,0,0,0,0,0,1,0,0,0,0,0,0,0,0,0,0
JASON Purifying Tea Tree Body Wash 887ml,Body Wash,JASON,Budget,10.99,Affordable,19,2,2,0.291107544141252,0,1,1,0,0,0,0,1,0,1,0,0,0,0,0,0,0,0
Molton Brown Milk Musk Bath and Shower Gel 300ml,Body Wash,Molton,Mid-range,22.0,Affordable,26,2,4,0.40828250401284105,0,1,0,1,0,0,0,1,0,1,1,1,0,0,0,0,0,0
Molton Brown Flora Luminare Bath & Shower Gel 300ml,Body Wash,Molton,Mid-range,22.0,Affordable,28,2,3,0.37441412520064205,0,1,0,1,0,0,0,1,0,1,0,1,0,0,0,0,0,0
Weleda Limted Edition Forest Harmony Shower Wash 200ml,Body Wash,Weleda,Budget,7.95,Budget,13,1,2,0.20414125200642053,0,1,0,0,0,0,0,1,0,0,0,0,0,1,0,0,0,0
Shea Moisture Coconut & Hibiscus Illuminating Body Wash 384ml,Body Wash,Shea,Budget,10.99,Affordable,22,2,2,0.3045906902086677,0,1,1,0,0,0,0,1,0,1,0,0,0,0,0,0,0,0
Sol de Janeiro Coco Cabana Shower Gel 90ml,Body Wash,Sol,Budget,10.0,Budget,19,1,2,0.231107544141252,0,1,0,0,0,0,0,1,1,0,0,0,0,0,0,0,0,0
Aromatherapy Associates De-Stress Shower Oil 250ml,Body Wash,Aromatherapy,Premium,26.0,Mid-range,15,1,1,0.1702728731942215,0,1,0,0,0,0,0,0,0,0,0,0,0,0,0,0,1,4
Australian Bodycare Body Wash 500ml,Body Wash,Australian,Mid-range,17.99,Affordable,20,1,1,0.19274478330658104,0,1,0,0,0,0,0,1,0,0,0,0,0,0,0,0,0,0
Rituals The Ritual of Karma Shower Oil 200ml,Body Wash,Rituals,Budget,8.5,Budget,19,1,1,0.18825040128410914,0,1,0,0,0,0,0,0,0,0,0,0,0,0,0,0,1,4
OUAI Body Cleanser 300ml,Body Wash,OUAI,Mid-range,24.0,Affordable,30,1,2,0.280545746388443,0,1,0,0,0,0,0,1,0,1,0,0,0,0,0,0,0,0
Aromatherapy Associates Rose Shower Oil 250ml,Body Wash,Aromatherapy,Premium,26.0,Mid-range,20,1,1,0.19274478330658104,0,1,0,0,0,0,0,0,0,1,0,0,0,0,0,0,0,0
Sukin Botanical Lime & Coconut Body Wash 500ml,Body Wash,Sukin,Budget,9.95,Budget,18,1,1,0.18375601926163723,0,1,0,0,0,0,0,1,0,0,0,0,0,0,0,0,0,0
Sol de Janeiro Coco Cabana Shower Gel 385ml,Body Wash,Sol,Budget,22.0,Affordable,19,1,2,0.231107544141252,0,1,0,0,0,0,0,1,1,0,0,0,0,0,0,0,0,0
Bubble T Shower Gel - Lemongrass & Green Tea 200ml,Body Wash,Bubble,Budget,3.0,Budget,21,1,1,0.19723916532905297,0,1,0,0,0,0,0,0,1,0,0,0,0,0,0,0,0,0
L:A BRUKET No. 104 Hand & Body Wash 450ml - Bergamot/Patchouli,Body Wash,L:A,Mid-range,27.5,Mid-range,12,1,1,0.15678972712680578,0,1,0,0,0,0,0,1,0,0,0,0,0,0,0,0,0,0
JASON Glowing Apricot Body Wash 887ml,Body Wash,JASON,Budget,10.99,Affordable,23,2,2,0.3090850722311396,0,1,1,0,0,0,0,1,0,1,0,0,0,0,0,0,0,0
Elizabeth Arden Green Tea Bath & Shower Gel (200ml),Body Wash,Elizabeth Arden,Premium,12.0,Affordable,22,1,1,0.20173354735152485,0,0,0,1,0,0,0,0,0,0,0,1,0,0,0,0,0,0
Jo Malone London Myrrh and Tonka Shower Oil 250ml,Body Wash,Jo,Mid-range,40.0,Mid-range,31,1,2,0.2850401284109149,0,0,0,0,0,0,1,1,1,0,0,0,0,0,0,0,0,3
Elemis Skin Nourishing Shower Cream 300ml,Body Wash,Elemis,Premium,28.0,Mid-range,31,1,2,0.2850401284109149,0,1,0,0,0,0,0,1,0,1,0,0,0,0,0,0,0,0
Caudalie Soleil des Vignes Shower Gel 200ml,Body Wash,Caudalie,Mid-range,9.0,Budget,17,1,2,0.22211878009630814,0,1,0,0,0,0,0,1,0,1,0,0,0,0,0,0,0,0
Weleda Wild Rose Creamy Body Wash (200ml),Body Wash,Weleda,Budget,7.95,Budget,17,1,2,0.22211878009630814,0,1,0,0,0,0,0,1,0,0,0,0,0,1,0,0,0,0
NUXE Rêve de Miel Face and Body Ultra-Rich Cleansing Gel (400ml),Body Wash,NUXE,Mid-range,19.5,Affordable,26,2,3,0.36542536115569824,0,1,1,0,0,0,0,1,0,1,0,0,0,1,0,0,0,0
Caudalie Thé des Vignes Shower Gel 200ml,Body Wash,Caudalie,Mid-range,9.0,Budget,12,1,2,0.19964686998394862,0,1,0,0,0,0,0,1,0,1,0,0,0,0,0,0,0,0
L:A BRUKET No. 094 Hand & Body Wash 450ml - Sage/Rosemary/Lavender,Body Wash,L:A,Mid-range,27.5,Mid-range,13,1,1,0.16128410914927768,0,1,0,0,0,0,0,1,0,0,0,0,0,0,0,0,0,0
Elemental Herbology Neroli and Rose Damask Body Wash,Body Wash,Elemental,Budget,12.0,Affordable,32,1,3,0.33239165329052967,0,1,0,0,0,0,0,1,0,1,0,0,1,0,0,0,0,0
Aromatherapy Associates Revive Shower Oil 250ml,Body Wash,Aromatherapy,Premium,26.0,Mid-range,16,1,1,0.17476725521669342,0,1,0,0,0,0,0,0,0,0,0,0,0,0,0,0,1,4
Elemis Frangipani Monoi Shower Cream 200ml,Body Wash,Elemis,Premium,28.0,Mid-range,24,1,1,0.2107223113964687,0,1,0,0,0,0,0,1,0,0,0,0,0,0,0,0,0,0
Caudalie Thé des Vignes Shower Gel 100ml,Body Wash,Caudalie,Mid-range,4.5,Budget,16,1,2,0.21762439807383627,0,1,0,0,0,0,0,1,0,1,0,0,0,0,0,0,0,0
NUXE Fondant Shower Gel (200ml),Body Wash,NUXE,Mid-range,10.5,Affordable,21,1,3,0.2829534510433387,0,1,0,0,0,0,0,1,0,1,0,0,0,1,0,0,0,0
philosophy Amazing Grace Shower Gel 480ml,Body Wash,philosophy,Mid-range,19.5,Affordable,34,1,3,0.34138041733547353,0,1,0,0,0,0,0,1,1,1,0,0,0,0,0,0,0,0
this works Deep Sleep Shower Gel (250ml),Body Wash,this,Mid-range,18.0,Affordable,22,2,1,0.2617335473515249,0,1,1,0,0,0,0,1,0,0,0,0,0,0,0,0,0,0
Laura Mercier Crème Brûlée Crème Body Wash 200ml,Body Wash,Laura,Premium,33.0,Mid-range,43,2,2,0.3989727126805778,0,1,1,0,0,0,0,1,0,1,0,0,0,0,0,0,0,0
Bubble T Ice Tea Shower Gel Peach 200ml,Body Wash,Bubble,Budget,3.99,Budget,11,1,1,0.15229534510433385,0,0,0,0,0,0,1,1,0,0,0,0,0,0,0,0,0,3
L:A BRUKET No. 069 Hand & Body Wash 450ml - Lemongrass,Body Wash,L:A,Mid-range,27.5,Mid-range,14,1,1,0.1657784911717496,0,1,0,0,0,0,0,1,0,0,0,0,0,0,0,0,0,0
Aromatherapy Associates Relax Body Wash 250ml,Body Wash,Aromatherapy,Premium,22.0,Affordable,28,2,2,0.3315569823434992,0,1,1,0,0,0,0,1,0,1,0,0,0,0,0,0,0,0
ManCave Sensitive Body Wash 200ml,Body Wash,ManCave,Budget,2.99,Budget,27,2,2,0.3270626003210273,0,1,1,0,0,0,0,1,0,1,0,0,0,0,0,0,0,0
Laura Mercier Almond Coconut Body Wash 200ml,Body Wash,Laura,Premium,33.0,Mid-range,33,2,3,0.3968860353130016,0,1,1,0,0,0,0,1,1,1,0,0,0,0,0,0,0,0
Shea Moisture African Water Mint & Ginger Detox Body Wash 384ml,Body Wash,Shea,Budget,10.99,Affordable,18,3,1,0.30375601926163726,0,1,0,0,1,1,0,1,0,0,0,0,0,0,0,0,0,0
Caudalie Rose de Vigne Shower Gel 200ml,Body Wash,Caudalie,Mid-range,9.0,Budget,12,1,2,0.19964686998394862,0,1,0,0,0,0,0,1,0,1,0,0,0,0,0,0,0,0
Weleda Kids 2 in 1 Wash 150ml - Happy Orange,Body Wash,Weleda,Budget,5.95,Budget,16,1,3,0.26048154093097914,0,1,0,0,0,0,0,1,0,1,0,0,0,1,0,0,0,0
Bubble T Shower Gel - Hibiscus & Acai Berry Tea 200ml,Body Wash,Bubble,Budget,3.0,Budget,15,1,1,0.1702728731942215,0,1,0,0,0,0,0,1,0,0,0,0,0,0,0,0,0,0
Bubble T X Pantone Pink Grapefruit & Peony Shower Gel 200ml,Body Wash,Bubble,Budget,3.99,Budget,12,1,1,0.15678972712680578,0,0,0,0,0,0,1,0,0,0,0,0,0,0,0,0,1,3
Cowshed RELAX Calming Bath & Shower Gel 300ml,Body Wash,Cowshed,Mid-range,20.0,Affordable,20,1,1,0.19274478330658104,0,1,0,0,0,0,0,1,0,0,0,0,0,0,0,0,0,0
Balance Me Super Moisurising Body Wash 250ml,Body Wash,Balance,Mid-range,10.8,Affordable,29,1,2,0.2760513643659711,0,0,0,0,0,0,1,1,0,1,0,0,0,0,0,0,0,3
Sea Magik Bath Shower Gel 350ml,Body Wash,Sea,Budget,7.35,Budget,21,1,2,0.24009630818619582,0,1,0,0,0,0,0,0,1,0,1,0,0,0,0,0,0,0
SVR Topialyse All-Over Gentle Wash-Off Cleanser -  50ml,Body Wash,SVR,Mid-range,3.0,Budget,23,1,3,0.2919422150882825,0,1,0,0,0,0,0,1,0,1,0,0,0,1,0,0,0,0
Rituals The Ritual of Karma Foaming Shower Gel,Body Wash,Rituals,Budget,8.5,Budget,23,1,2,0.24908507223113963,0,1,0,0,0,0,0,1,0,1,0,0,0,0,0,0,0,0
APIVITA Pure Jasmine Mini Shower Gel with Essential Oils 75ml,Body Wash,APIVITA,Budget,5.22,Budget,40,2,3,0.42834670947030495,0,1,1,0,0,0,0,1,0,1,0,0,0,1,0,0,0,0
Bubble T Ice Tea Shower Gel Mango 200ml,Body Wash,Bubble,Budget,3.99,Budget,13,1,1,0.16128410914927768,0,0,0,0,0,0,1,1,0,0,0,0,0,0,0,0,0,3
Caudalie Fleur de Vigne Shower Gel 100ml,Body Wash,Caudalie,Mid-range,4.5,Budget,17,1,2,0.22211878009630814,0,1,0,0,0,0,0,1,0,1,0,0,0,0,0,0,0,0
Sanctuary Spa Sleep Drift-Off Bath Soak 500ml,Bath Oil,Sanctuary Spa,Budget,8.0,Budget,28,2,2,0.3315569823434992,0,1,0,1,0,0,0,0,0,1,0,1,0,0,0,0,0,0
Neom Perfect Night's Sleep Bath & Shower Oil (10ml),Bath Oil,Neom,Budget,8.0,Budget,11,1,1,0.15229534510433385,0,1,0,0,0,0,0,0,0,1,0,0,0,0,0,0,0,0
Sanctuary Spa Foaming Bath Soak 75ml,Bath Oil,Sanctuary Spa,Budget,3.0,Budget,26,2,3,0.36542536115569824,0,0,1,1,0,0,0,1,0,1,0,1,0,0,0,0,0,0
Aromatherapy Associates Relax Deep Relax Bath & Shower Oil (55ml),Bath Oil,Aromatherapy,Premium,49.0,Mid-range,14,1,1,0.1657784911717496,0,1,0,0,0,0,0,0,0,1,0,0,0,0,0,0,0,0
Weleda Citrus Refreshing Bath Milk (200ml),Bath Oil,Weleda,Budget,14.95,Affordable,7,1,1,0.13431781701444623,0,0,0,0,0,0,1,0,0,0,0,0,0,0,0,0,1,3
Burt's Bees Baby Bee Bubble Bath (350ml),Bath Oil,Burt's,Budget,11.49,Affordable,17,1,1,0.1792616372391653,0,1,0,0,0,0,0,1,0,0,0,0,0,0,0,0,0,0
Neal's Yard Remedies Aromatic Foaming Bath 200ml,Bath Oil,Neal's Yard Remedies,Mid-range,15.5,Affordable,12,1,1,0.15678972712680578,0,1,0,0,0,0,0,0,0,0,0,0,0,0,0,0,1,4
Weleda Lavender Relaxing Bath Milk (200ml),Bath Oil,Weleda,Budget,14.95,Affordable,8,1,1,0.13881219903691813,0,1,0,0,0,0,0,1,0,0,0,0,0,0,0,0,0,0
Sanctuary Spa Precious Bath Elixir (Rose Radiance),Bath Oil,Sanctuary Spa,Budget,12.0,Affordable,22,1,3,0.28744783306581057,0,0,0,0,0,0,1,0,0,1,1,0,1,0,0,0,0,3
Neal's Yard Remedies Soothing Bath Oil 100ml,Bath Oil,Neal's Yard Remedies,Mid-range,15.0,Affordable,18,1,1,0.18375601926163723,0,1,0,0,0,0,0,0,0,0,0,0,0,0,0,0,1,4
Neal's Yard Remedies Seaweed and Arnica Foaming Bath 200ml,Bath Oil,Neal's Yard Remedies,Mid-range,15.5,Affordable,21,1,1,0.19723916532905297,0,1,0,0,0,0,0,1,0,0,0,0,0,0,0,0,0,0
Aromatherapy Associates De-Stress Muscle Bath & Shower Oil (55ml),Bath Oil,Aromatherapy,Premium,47.0,Mid-range,14,1,1,0.1657784911717496,0,1,0,0,0,0,0,0,0,0,0,0,0,0,0,0,1,4
Weleda Rosemary Invigorating Bath Milk (200ml),Bath Oil,Weleda,Budget,14.95,Affordable,5,1,1,0.1253290529695024,0,0,0,0,0,0,1,0,0,0,0,0,0,0,0,0,1,3
Molton Brown Jasmine & Sun Rose Bathing Oil 200ml,Bath Oil,Molton,Mid-range,40.0,Mid-range,22,1,1,0.20173354735152485,0,1,0,0,0,0,0,0,0,1,0,0,0,0,0,0,0,0
Aromatherapy Associates Revive Morning Bath & Shower Oil (55ml),Bath Oil,Aromatherapy,Premium,48.0,Mid-range,17,1,1,0.1792616372391653,0,1,0,0,0,0,0,0,0,0,0,0,0,0,0,0,1,4
Aromatherapy Associates De-Stress Mind Bath & Shower Oil (55ml),Bath Oil,Aromatherapy,Premium,48.0,Mid-range,10,1,1,0.14780096308186194,0,1,0,0,0,0,0,0,0,1,0,0,0,0,0,0,0,0
Aromatherapy Associates Support Equilibrium Bath & Shower Oil (55ml),Bath Oil,Aromatherapy,Premium,48.0,Mid-range,15,1,1,0.1702728731942215,0,1,0,0,0,0,0,0,0,1,0,0,0,0,0,0,0,0
Molton Brown Orange and Bergamot Radiant Body Oil 100ml,Bath Oil,Molton,Mid-range,40.0,Mid-range,19,1,1,0.18825040128410914,0,1,0,0,0,0,0,0,0,0,0,0,0,0,0,0,1,4
REN Moroccan Rose Otto Bath Oil,Bath Oil,REN,Premium,32.0,Mid-range,18,1,2,0.22661316211878008,0,1,0,0,0,0,0,1,0,1,0,0,0,0,0,0,0,0
Aromatherapy Associates Support Breathe Bath & Shower Oil (55ml),Bath Oil,Aromatherapy,Premium,47.0,Mid-range,11,1,1,0.15229534510433385,0,1,0,0,0,0,0,0,0,0,0,0,0,0,0,0,1,4
Natio Wellness Shower & Bath Gel (275ml),Bath Oil,Natio,Budget,8.8,Budget,16,1,1,0.17476725521669342,0,1,0,0,0,0,0,0,0,0,0,0,0,0,0,0,1,4
ilapothecary Beat the Blues Bath and Shower Oil 150ml,Bath Oil,ilapothecary,Premium,29.0,Mid-range,14,1,1,0.1657784911717496,0,1,0,0,0,0,0,1,0,0,0,0,0,0,0,0,0,0
Aromatherapy Associates Revive Evening Bath & Shower Oil 55ml,Bath Oil,Aromatherapy,Premium,49.0,Mid-range,10,1,1,0.14780096308186194,0,1,0,0,0,0,0,0,0,1,0,0,0,0,0,0,0,0
Aromatherapy Associates Inner Strength Bath & Shower Oil (55ml),Bath Oil,REN,Premium,49.0,Mid-range,19,1,1,0.18825040128410914,0,1,0,0,0,0,0,0,0,0,0,0,0,0,0,0,1,4
Molton Brown Orange and Bergamot Radiant Bathing Oil 200ml,Bath Oil,Molton,Mid-range,40.0,Mid-range,20,1,1,0.19274478330658104,0,1,0,0,0,0,0,0,0,0,0,0,0,0,0,0,1,4
Aromatherapy Associates Revive Evening Bath & Shower Oil (55ml),Bath Oil,Aromatherapy,Premium,49.0,Mid-range,11,1,1,0.15229534510433385,0,1,0,0,0,0,0,0,0,1,0,0,0,0,0,0,0,0
ilapothecary Magnesium and Amethyst Deep Relax Bath Soak 400ml,Bath Oil,ilapothecary,Premium,50.0,Mid-range,10,1,1,0.14780096308186194,0,1,0,0,0,0,0,0,0,0,0,0,0,0,0,0,1,4
Little Butterfly London Floating on Clouds Bedtime Bath Milk 250ml,Bath Oil,Little,Mid-range,25.5,Mid-range,23,1,2,0.24908507223113963,0,1,0,0,0,0,0,1,0,1,0,0,0,0,0,0,0,0
Elemis Life Elixirs Embrace Bath and Shower Elixir 100ml,Bath Oil,Elemis,Premium,55.0,Premium,19,1,1,0.18825040128410914,0,1,0,0,0,0,0,0,0,1,0,0,0,0,0,0,0,0
Love Boo Splendidly Soothing Bath Soak (250ml),Bath Oil,Love,Budget,10.99,Affordable,17,1,1,0.1792616372391653,0,1,0,0,0,0,0,1,0,0,0,0,0,0,0,0,0,0
Elemis Life Elixirs Fortitude Bath and Shower Elixir 100ml,Bath Oil,Elemis,Premium,55.0,Premium,22,1,1,0.20173354735152485,0,1,0,0,0,0,0,0,0,1,0,0,0,0,0,0,0,0
Connock London Kukui Oil Soothing Bath & Shower Oil 200ml,Bath Oil,Connock,Premium,36.0,Mid-range,16,1,1,0.17476725521669342,0,1,0,0,0,0,0,0,0,1,0,0,0,0,0,0,0,0
Weleda Baby Calendula Cream Bath (200ml),Bath Oil,Weleda,Budget,13.95,Affordable,11,1,1,0.15229534510433385,0,1,0,0,0,0,0,1,0,0,0,0,0,0,0,0,0,0
